"Sucursal","Número","Factura","Tarifa delivery","Descuento","Monto total","Estado","Creado el","Anulado","Crédito","Mesa","Tipo","Pagado el","","","","","","","",""
"C&C","37","","","0.0","22.0","Pagado","16/12/2025 21:52:46.023","No","No","Sala S2","Mesa","16/12/2025 21:55:38.627","","","","","","","",""
"C&C","36","#869","","0.0","1500.0","Pagado","01/12/2025 22:57:00.803","No","No","YANGO CORPORATIVO MENSUAL","Mesa","01/12/2025 22:57:45.023","","","","","","","",""
"C&C","36","","","0.0","22.0","Pagado","16/12/2025 21:52:15.881","No","No","Sala S2","Mesa","16/12/2025 21:55:31.646","","","","","","","",""
"C&C","35","#868","","0.0","8992.32","Pagado","01/12/2025 22:55:14.704","No","No","YANGO CORPORATIVO MENSUAL","Mesa","01/12/2025 22:56:55.343","","","","","","","",""
"C&C","35","","","0.0","56.0","Pendiente de pago","16/12/2025 21:22:01.831","No","No","Stephanie Ugartache","Mesa","","","","","","","","",""
"C&C","34","","","0.0","4.0","Pagado","01/12/2025 19:52:46.151","No","No","","Recojo","01/12/2025 19:53:25.985","","","","","","","",""
"C&C","34","","","0.0","82.0","Pagado","16/12/2025 21:19:43.894","No","No","","PedidosYa","16/12/2025 21:20:50.285","","","","","","","",""
"C&C","33","#867","","0.0","145.0","Pagado","01/12/2025 19:26:37.401","No","No","Balcon B5","Mesa","01/12/2025 20:10:43.758","","","","","","","",""
"C&C","33","","","0.0","137.0","Pagado","16/12/2025 20:26:33.681","No","No","Sala S2","Mesa","16/12/2025 21:55:48.272","","","","","","","",""
"C&C","32","#866","","0.0","117.0","Pagado","01/12/2025 19:03:02.545","No","No","","PedidosYa","01/12/2025 19:03:55.079","","","","","","","",""
"C&C","32","","","0.0","12.0","Pagado","16/12/2025 19:30:59.825","No","No","Balcon B5","Mesa","16/12/2025 19:31:43.128","","","","","","","",""
"C&C","31","","","0.0","69.0","Pagado","01/12/2025 18:14:55.043","No","No","Sala S3","Mesa","01/12/2025 19:26:28.282","","","","","","","",""
"C&C","31","#905","","0.0","35.0","Pagado","15/12/2025 20:57:01.932","No","No","","Mesa","15/12/2025 20:58:28.966","","","","","","","",""
"C&C","31","#911","","0.0","18.0","Pagado","16/12/2025 19:25:14.412","No","No","","Recojo","16/12/2025 19:26:22.395","","","","","","","",""
"C&C","30","","","0.0","340.0","Pendiente de pago","01/12/2025 18:11:41.772","No","No","Oscar Vaca","Interno","","","","","","","","",""
"C&C","30","","","0.0","78.0","Pagado","15/12/2025 20:51:13.540","No","No","","Recojo","15/12/2025 20:56:29.855","","","","","","","",""
"C&C","30","","","0.0","12.0","Pagado","16/12/2025 19:09:42.292","No","No","Balcon B5","Mesa","16/12/2025 19:31:13.344","","","","","","","",""
"C&C","29","","","0.0","100.0","Pagado","01/12/2025 17:32:51.194","No","No","Sala S5","Mesa","01/12/2025 18:01:07.814","","","","","","","",""
"C&C","29","","","0.0","134.0","Pendiente de pago","15/12/2025 20:11:52.841","No","No","","Interno","","","","","","","","",""
"C&C","29","","","0.0","20.0","Pagado","16/12/2025 18:55:48.741","No","No","Cubiculo C1","Mesa","16/12/2025 21:21:43.476","","","","","","","",""
"C&C","28","","","0.0","30.0","Pagado","01/12/2025 17:31:29.951","No","No","Sala S2","Mesa","01/12/2025 17:57:59.564","","","","","","","",""
"C&C","28","","","0.0","53.0","Pagado","15/12/2025 19:29:11.113","No","No","Balcon B5","Mesa","15/12/2025 19:30:00.371","","","","","","","",""
"C&C","28","","","0.0","74.0","Pagado","16/12/2025 18:06:06.510","No","No","Sala S1","Mesa","16/12/2025 18:54:04.986","","","","","","","",""
"C&C","27","","","0.0","122.0","Pagado","01/12/2025 17:30:36.104","No","No","Sala 1","Mesa","01/12/2025 18:11:06.546","","","","","","","",""
"C&C","27","","","0.0","32.0","Pagado","15/12/2025 19:19:53.561","No","No","Cubiculo C6","Mesa","15/12/2025 20:56:54.183","","","","","","","",""
"C&C","27","","","0.0","48.0","Pagado","16/12/2025 17:28:40.551","No","No","","Recojo","16/12/2025 17:29:47.665","","","","","","","",""
"C&C","26","","","0.0","73.0","Pagado","01/12/2025 17:29:45.844","No","No","Balcon B2","Mesa","01/12/2025 18:14:32.673","","","","","","","",""
"C&C","26","","","0.0","15.0","Pagado","10/12/2025 20:39:00.106","No","No","","Recojo","10/12/2025 20:39:14.052","","","","","","","",""
"C&C","26","#903","","0.0","36.0","Pagado","15/12/2025 19:17:50.229","No","No","Balcon B5","Mesa","15/12/2025 19:19:22.683","","","","","","","",""
"C&C","26","","","0.0","49.0","Pagado","16/12/2025 17:02:20.388","No","No","Sala S4","Mesa","16/12/2025 18:54:37.965","","","","","","","",""
"C&C","25","","","0.0","122.0","Pagado","01/12/2025 17:29:04.275","No","No","Sala S1","Mesa","01/12/2025 20:43:03.407","","","","","","","",""
"C&C","25","","","0.0","30.0","Pagado","09/12/2025 20:46:41.485","No","No","Sala S2","Mesa","09/12/2025 20:47:13.159","","","","","","","",""
"C&C","25","","","0.0","25.0","Pagado","10/12/2025 20:32:44.327","No","No","","Recojo","10/12/2025 20:33:12.680","","","","","","","",""
"C&C","25","","","0.0","82.0","Pagado","15/12/2025 19:06:46.529","No","No","Sala 1","Mesa","15/12/2025 19:29:06.246","","","","","","","",""
"C&C","25","","","0.0","18.0","Pagado","16/12/2025 16:49:30.059","No","No","Cubiculo C1","Mesa","16/12/2025 17:29:57.102","","","","","","","",""
"C&C","24","","","0.0","48.0","Pagado","01/12/2025 17:19:24.961","No","No","","Recojo","01/12/2025 17:28:35.415","","","","","","","",""
"C&C","24","","","0.0","19.0","Pagado","09/12/2025 18:42:28.154","No","No","Sala S6","Mesa","09/12/2025 18:43:12.747","","","","","","","",""
"C&C","24","","","0.0","67.0","Pagado","10/12/2025 20:29:08.948","No","No","Sala S4","Mesa","10/12/2025 20:29:59.171","","","","","","","",""
"C&C","24","","","0.0","9.0","Pagado","15/12/2025 18:55:11.526","No","No","","Interno","15/12/2025 18:56:23.618","","","","","","","",""
"C&C","24","#910","","0.0","25.0","Pagado","16/12/2025 16:45:15.403","No","No","Cubiculo C6","Mesa","16/12/2025 18:43:54.795","","","","","","","",""
"C&C","24","","","0.0","71.0","Pagado","22/12/2025 21:16:17.661","No","No","","PedidosYa","22/12/2025 21:17:03.709","","","","","","","",""
"C&C","23","","","0.0","64.0","Pagado","01/12/2025 16:39:03.481","No","No","Sala S6","Mesa","01/12/2025 17:58:15.278","","","","","","","",""
"C&C","23","","","0.0","61.0","Pagado","04/12/2025 20:48:23.342","No","No","Balcon B4","Mesa","04/12/2025 20:49:07.130","","","","","","","",""
"C&C","23","","","0.0","33.0","Pagado","09/12/2025 18:30:08.572","No","No","Balcon B2","Mesa","09/12/2025 20:06:12.732","","","","","","","",""
"C&C","23","","","0.0","44.0","Pagado","10/12/2025 20:28:38.261","No","No","Balcon B1","Mesa","10/12/2025 20:29:03.397","","","","","","","",""
"C&C","23","","","0.0","30.0","Pagado","15/12/2025 18:52:26.407","No","No","","Recojo","15/12/2025 18:53:16.139","","","","","","","",""
"C&C","23","","","0.0","105.0","Pagado","16/12/2025 16:34:38.593","No","No","Sala S6","Mesa","16/12/2025 16:42:07.777","","","","","","","",""
"C&C","23","#924","","0.0","189.0","Pagado","22/12/2025 21:12:24.584","No","No","Sala S4","Mesa","22/12/2025 21:27:12.572","","","","","","","",""
"C&C","22","","","0.0","18.0","Pagado","01/12/2025 15:40:54.539","No","No","","Recojo","01/12/2025 15:41:08.279","","","","","","","",""
"C&C","22","","","0.0","58.0","Pagado","04/12/2025 20:37:49.753","No","No","","Recojo","04/12/2025 20:38:40.059","","","","","","","",""
"C&C","22","","","0.0","25.0","Pagado","08/12/2025 19:56:58.045","No","No","Sala 1","Mesa","08/12/2025 20:24:30.167","","","","","","","",""
"C&C","22","","","0.0","44.0","Pagado","09/12/2025 18:08:57.325","No","No","Cubiculo C2","Mesa","09/12/2025 20:35:41.203","","","","","","","",""
"C&C","22","#883","","0.0","12.0","Pagado","10/12/2025 20:27:46.418","No","No","","Recojo","10/12/2025 20:28:30.046","","","","","","","",""
"C&C","22","","","0.0","37.0","Pendiente de pago","12/12/2025 18:58:12.406","No","No","","Interno","","","","","","","","",""
"C&C","22","","","0.0","38.0","Pagado","14/12/2025 21:45:01.209","No","No","","Mesa","14/12/2025 21:45:35.373","","","","","","","",""
"C&C","22","","","0.0","184.0","Pagado","15/12/2025 18:10:24.227","No","No","Sala S5","Mesa","15/12/2025 18:53:30.681","","","","","","","",""
"C&C","22","","","0.0","19.0","Pagado","16/12/2025 16:09:50.919","No","No","Balcon B1","Mesa","16/12/2025 18:54:20.054","","","","","","","",""
"C&C","22","","","0.0","54.0","Pagado","22/12/2025 20:37:32.289","No","No","Balcon B4","Mesa","22/12/2025 21:31:30.678","","","","","","","",""
"C&C","22","","","0.0","25.0","Pagado","30/12/2025 20:40:37.899","No","No","","Recojo","30/12/2025 20:40:50.842","","","","","","","",""
"C&C","21","","","0.0","64.0","Pagado","01/12/2025 15:25:57.788","Sí","No","Luis Bona","Interno","10/12/2025 11:10:38.195","","","","","","","",""
"C&C","21","","","0.0","46.0","Pagado","02/12/2025 18:48:18.155","No","No","","Recojo","02/12/2025 20:18:56.535","","","","","","","",""
"C&C","21","","","0.0","49.0","Pagado","04/12/2025 20:33:47.406","No","No","","Recojo","04/12/2025 20:34:05.930","","","","","","","",""
"C&C","21","","","0.0","23.0","Pagado","08/12/2025 19:45:51.398","No","No","Balcon B1","Mesa","08/12/2025 19:47:28.066","","","","","","","",""
"C&C","21","","","0.0","29.0","Pagado","09/12/2025 18:07:43.291","No","No","Sala S1","Mesa","09/12/2025 18:08:11.809","","","","","","","",""
"C&C","21","#880","","0.0","50.0","Pagado","10/12/2025 16:48:14.549","No","No","Sala S2","Mesa","10/12/2025 18:38:59.308","","","","","","","",""
"C&C","21","","","0.0","25.0","Pagado","12/12/2025 18:08:49.204","No","No","","Recojo","12/12/2025 18:10:08.711","","","","","","","",""
"C&C","21","","","0.0","25.0","Pagado","14/12/2025 20:35:37.619","No","No","","Mesa","14/12/2025 21:27:36.840","","","","","","","",""
"C&C","21","","","0.0","92.0","Pagado","15/12/2025 18:02:10.745","No","No","Barra P1","Mesa","15/12/2025 18:31:47.600","","","","","","","",""
"C&C","21","","","0.0","59.0","Pagado","16/12/2025 16:08:16.148","No","No","Sala S5","Mesa","16/12/2025 18:55:02.307","","","","","","","",""
"C&C","21","","","0.0","25.0","Pagado","22/12/2025 20:23:40.492","No","No","","Recojo","22/12/2025 20:24:01.048","","","","","","","",""
"C&C","21","","","0.0","23.0","Pagado","30/12/2025 20:39:47.647","No","No","Sala S2","Mesa","30/12/2025 20:40:31.751","","","","","","","",""
"C&C","20","","","0.0","22.0","Pagado","01/12/2025 15:19:01.576","No","No","","Recojo","01/12/2025 15:19:20.110","","","","","","","",""
"C&C","20","","","0.0","165.0","Pagado","02/12/2025 18:46:22.375","No","No","","PedidosYa","02/12/2025 20:18:40.755","","","","","","","",""
"C&C","20","","","0.0","48.0","Pagado","03/12/2025 20:35:49.878","No","No","Sala S3","Mesa","03/12/2025 20:53:15.477","","","","","","","",""
"C&C","20","","","0.0","19.0","Pagado","04/12/2025 20:33:17.451","No","No","Balcon B4","Mesa","04/12/2025 20:33:41.099","","","","","","","",""
"C&C","20","","","0.0","23.0","Pagado","08/12/2025 19:20:49.804","No","No","","Recojo","08/12/2025 19:21:05.749","","","","","","","",""
"C&C","20","","","0.0","46.0","Pagado","09/12/2025 17:00:15.244","No","No","","Recojo","09/12/2025 18:08:45.212","","","","","","","",""
"C&C","20","","","0.0","31.0","Pagado","10/12/2025 16:43:20.668","No","No","","PedidosYa","10/12/2025 16:43:40.320","","","","","","","",""
"C&C","20","#891","","0.0","19.0","Pagado","12/12/2025 17:04:09.187","No","No","Sala S4","Mesa","12/12/2025 17:33:57.314","","","","","","","",""
"C&C","20","","","0.0","23.0","Pagado","13/12/2025 19:22:35.740","No","No","","Recojo","13/12/2025 20:17:28.521","","","","","","","",""
"C&C","20","","","0.0","79.0","Pagado","14/12/2025 21:21:41.581","No","No","","PedidosYa","14/12/2025 21:22:18.036","","","","","","","",""
"C&C","20","","","0.0","109.0","Pagado","15/12/2025 17:28:26.722","No","No","Sala 1","Mesa","15/12/2025 18:52:17.248","","","","","","","",""
"C&C","20","","","0.0","21.0","Pagado","16/12/2025 16:07:43.843","No","No","Cubiculo C3","Mesa","16/12/2025 21:18:49.169","","","","","","","",""
"C&C","20","","","0.0","78.0","Pagado","18/12/2025 20:55:34.713","No","No","","PedidosYa","18/12/2025 20:56:03.207","","","","","","","",""
"C&C","20","","","0.0","27.0","Pagado","19/12/2025 18:27:02.185","No","No","Balcon B1","Mesa","19/12/2025 18:42:21.617","","","","","","","",""
"C&C","20","","","0.0","25.0","Pagado","22/12/2025 19:28:11.890","No","No","Balcon B2","Mesa","22/12/2025 21:00:37.043","","","","","","","",""
"C&C","20","","","0.0","24.0","Pagado","30/12/2025 20:38:49.684","No","No","Sala S2","Mesa","30/12/2025 20:39:35.486","","","","","","","",""
"C&C","19","","","0.0","30.0","Pagado","01/12/2025 15:18:34.026","No","No","Sala S5","Mesa","01/12/2025 17:32:45.757","","","","","","","",""
"C&C","19","","","0.0","69.0","Pagado","02/12/2025 18:45:37.402","No","No","Sala 1","Mesa","02/12/2025 21:09:39.043","","","","","","","",""
"C&C","19","","","0.0","25.0","Pagado","03/12/2025 20:16:19.045","No","No","Sala S3","Mesa","03/12/2025 20:35:47.199","","","","","","","",""
"C&C","19","","","0.0","24.0","Pagado","04/12/2025 18:42:05.576","No","No","Balcon B4","Mesa","04/12/2025 20:31:51.666","","","","","","","",""
"C&C","19","","","0.0","38.0","Pagado","08/12/2025 19:19:08.618","No","No","","Recojo","08/12/2025 19:20:17.084","","","","","","","",""
"C&C","19","","","0.0","68.0","Pagado","09/12/2025 16:58:24.618","No","No","Cubiculo C3","Mesa","09/12/2025 18:43:35.905","","","","","","","",""
"C&C","19","","","0.0","84.0","Pendiente de pago","10/12/2025 15:49:47.967","No","No","Gabriel Rios","Mesa","","","","","","","","",""
"C&C","19","","","0.0","18.0","Pagado","12/12/2025 17:03:49.612","No","No","Balcon B4","Mesa","12/12/2025 17:33:15.575","","","","","","","",""
"C&C","19","","","0.0","46.0","Pagado","13/12/2025 18:10:30.335","No","No","Sala S1","Mesa","13/12/2025 18:29:52.577","","","","","","","",""
"C&C","19","","","0.0","65.0","Pagado","14/12/2025 21:21:04.679","No","No","","PedidosYa","14/12/2025 21:21:28.728","","","","","","","",""
"C&C","19","#902","","0.0","36.0","Pagado","15/12/2025 17:19:02.260","No","No","Sala S1","Mesa","15/12/2025 18:06:21.083","","","","","","","",""
"C&C","19","#909","","0.0","226.0","Pagado","16/12/2025 16:06:27.720","No","No","Sala 1","Mesa","16/12/2025 17:08:57.640","","","","","","","",""
"C&C","19","","","0.0","19.0","Pagado","17/12/2025 20:20:00.188","No","No","Balcon B1","Mesa","17/12/2025 20:21:16.164","","","","","","","",""
"C&C","19","","","0.0","60.0","Pagado","18/12/2025 19:00:50.371","No","No","Balcon B5","Mesa","18/12/2025 20:55:16.096","","","","","","","",""
"C&C","19","","","0.0","30.0","Pagado","19/12/2025 17:59:02.451","No","No","","Recojo","19/12/2025 17:59:50.771","","","","","","","",""
"C&C","19","#923","","0.0","143.0","Pagado","22/12/2025 19:24:29.540","No","No","Sala 1","Mesa","22/12/2025 21:00:14.540","","","","","","","",""
"C&C","19","","","0.0","46.0","Pagado","30/12/2025 19:41:27.470","No","No","","Recojo","30/12/2025 20:26:11.302","","","","","","","",""
"C&C","18","","","0.0","49.0","Pagado","01/12/2025 14:56:59.492","No","No","Sala S1","Mesa","01/12/2025 14:58:29.633","","","","","","","",""
"C&C","18","","","0.0","35.0","Pagado","02/12/2025 18:45:01.463","No","No","","Recojo","02/12/2025 20:18:27.570","","","","","","","",""
"C&C","18","","","0.0","46.0","Pagado","03/12/2025 20:02:06.864","No","No","Balcon B5","Mesa","03/12/2025 20:14:01.945","","","","","","","",""
"C&C","18","","","0.0","46.0","Pagado","04/12/2025 18:13:11.630","No","No","Sala S3","Mesa","04/12/2025 20:32:11.297","","","","","","","",""
"C&C","18","","","0.0","19.0","Pagado","08/12/2025 19:18:03.063","No","No","","Interno","08/12/2025 19:19:02.007","","","","","","","",""
"C&C","18","","","0.0","38.0","Pagado","09/12/2025 15:29:59.437","No","No","Cubiculo C1","Mesa","09/12/2025 20:35:26.181","","","","","","","",""
"C&C","18","#882","","0.0","18.0","Pagado","10/12/2025 15:41:55.069","No","No","Cubiculo C4","Mesa","10/12/2025 20:27:33.157","","","","","","","",""
"C&C","18","#892","","0.0","65.0","Pagado","12/12/2025 16:54:33.932","No","No","Sala S3","Mesa","12/12/2025 18:54:32.699","","","","","","","",""
"C&C","18","","","0.0","87.0","Pagado","13/12/2025 17:46:36.821","No","No","Sala S4","Mesa","13/12/2025 19:22:32.724","","","","","","","",""
"C&C","18","","","0.0","172.0","Pagado","14/12/2025 21:19:06.619","No","No","","PedidosYa","14/12/2025 21:20:50.652","","","","","","","",""
"C&C","18","#904","","0.0","25.0","Pagado","15/12/2025 16:31:16.093","No","No","Cubiculo C1","Mesa","15/12/2025 20:55:46.450","","","","","","","",""
"C&C","18","","","0.0","23.0","Pagado","16/12/2025 12:05:35.251","No","No","","Recojo","16/12/2025 12:05:48.541","","","","","","","",""
"C&C","18","","","0.0","41.0","Pagado","17/12/2025 20:04:42.797","No","No","Balcon B5","Mesa","17/12/2025 20:23:26.556","","","","","","","",""
"C&C","18","","","0.0","44.0","Pagado","18/12/2025 18:55:04.056","No","No","Balcon B4","Mesa","18/12/2025 18:59:31.096","","","","","","","",""
"C&C","18","","","0.0","44.0","Pagado","19/12/2025 16:30:12.095","No","No","Balcon B4","Mesa","19/12/2025 16:58:54.772","","","","","","","",""
"C&C","18","","","0.0","31.0","Pagado","22/12/2025 17:12:17.141","No","No","Balcon B1","Mesa","22/12/2025 19:27:18.718","","","","","","","",""
"C&C","18","","","0.0","75.0","Pagado","30/12/2025 19:10:28.030","No","No","Sala S3","Mesa","30/12/2025 19:13:17.896","","","","","","","",""
"C&C","17","","","0.0","19.0","Pagado","01/12/2025 14:54:53.980","No","No","","Recojo","01/12/2025 14:58:39.175","","","","","","","",""
"C&C","17","","","0.0","29.0","Pagado","02/12/2025 18:44:28.733","No","No","Sala S3","Mesa","02/12/2025 20:17:32.109","","","","","","","",""
"C&C","17","","","0.0","18.0","Pagado","03/12/2025 20:00:41.680","No","No","Cubiculo C1","Mesa","03/12/2025 20:35:34.547","","","","","","","",""
"C&C","17","","","0.0","42.0","Pagado","04/12/2025 18:09:53.921","No","No","Sala S5","Mesa","04/12/2025 18:10:16.395","","","","","","","",""
"C&C","17","","","0.0","111.0","Pagado","05/12/2025 21:16:06.968","No","No","Sala 1","Mesa","05/12/2025 21:17:26.903","","","","","","","",""
"C&C","17","","","0.0","79.0","Pagado","08/12/2025 19:04:11.049","No","No","Sala 1","Mesa","08/12/2025 20:24:18.135","","","","","","","",""
"C&C","17","","","0.0","12.0","Pagado","09/12/2025 15:29:36.040","No","No","","Recojo","09/12/2025 15:29:53.788","","","","","","","",""
"C&C","17","#881","","0.0","92.0","Pagado","10/12/2025 15:41:13.476","No","No","Cubiculo C3","Mesa","10/12/2025 19:42:03.439","","","","","","","",""
"C&C","17","","","0.0","22.0","Pagado","11/12/2025 20:50:45.331","No","No","Balcon B4","Mesa","11/12/2025 20:51:05.354","","","","","","","",""
"C&C","17","#890","","0.0","40.0","Pagado","12/12/2025 16:54:12.569","No","No","Sala S1","Mesa","12/12/2025 17:32:40.630","","","","","","","",""
"C&C","17","#896","","0.0","57.0","Pagado","13/12/2025 17:45:51.368","No","No","Balcon B2","Mesa","13/12/2025 18:26:57.881","","","","","","","",""
"C&C","17","","","0.0","221.0","Pagado","14/12/2025 21:17:39.170","No","No","","PedidosYa","14/12/2025 21:18:57.638","","","","","","","",""
"C&C","17","","","0.0","38.0","Pagado","15/12/2025 16:23:00.989","No","No","Balcon B5","Mesa","15/12/2025 18:19:06.595","","","","","","","",""
"C&C","17","","","0.0","46.0","Pagado","16/12/2025 12:03:50.327","No","No","Sala S3","Mesa","16/12/2025 12:10:26.778","","","","","","","",""
"C&C","17","","","0.0","15.0","Pagado","17/12/2025 20:02:54.930","No","No","Balcon B1","Mesa","17/12/2025 20:03:16.554","","","","","","","",""
"C&C","17","","","0.0","57.0","Pagado","18/12/2025 17:37:48.935","No","No","Balcon B5","Mesa","18/12/2025 18:59:42.814","","","","","","","",""
"C&C","17","","","0.0","25.0","Pagado","19/12/2025 16:29:15.021","No","No","Sala S2","Mesa","19/12/2025 18:40:38.620","","","","","","","",""
"C&C","17","","","0.0","25.0","Pagado","22/12/2025 17:02:09.023","No","No","Sala S6","Mesa","22/12/2025 20:37:25.429","","","","","","","",""
"C&C","17","","","0.0","44.0","Pagado","30/12/2025 18:33:18.031","No","No","","Recojo","30/12/2025 19:13:27.773","","","","","","","",""
"C&C","16","","","0.0","20.0","Pagado","01/12/2025 14:45:05.338","No","No","Balcon B1","Mesa","01/12/2025 18:11:25.086","","","","","","","",""
"C&C","16","","","0.0","22.0","Pagado","02/12/2025 18:01:29.638","No","No","Balcon B4","Mesa","02/12/2025 20:17:07.560","","","","","","","",""
"C&C","16","","","0.0","25.0","Pagado","03/12/2025 20:00:00.045","No","No","Sala S5","Mesa","03/12/2025 20:13:36.427","","","","","","","",""
"C&C","16","","","0.0","47.0","Pagado","04/12/2025 17:41:49.429","No","No","Sala S5","Mesa","04/12/2025 18:12:45.396","","","","","","","",""
"C&C","16","","","0.0","128.0","Pagado","05/12/2025 20:27:50.699","No","No","Sala S6","Mesa","05/12/2025 21:01:50.720","","","","","","","",""
"C&C","16","","","0.0","19.0","Pagado","08/12/2025 19:02:15.805","No","No","","Mesa","08/12/2025 19:02:58.882","","","","","","","",""
"C&C","16","","","0.0","52.0","Pagado","09/12/2025 15:28:25.682","No","No","Balcon B5","Mesa","09/12/2025 18:55:05.210","","","","","","","",""
"C&C","16","","","0.0","30.0","Pagado","10/12/2025 15:39:52.325","No","No","Balcon B5","Mesa","10/12/2025 17:24:43.667","","","","","","","",""
"C&C","16","","","19.0","0.0","Pagado","11/12/2025 20:50:04.342","No","No","Balcon B1","Mesa","11/12/2025 20:50:30.172","","","","","","","",""
"C&C","16","","","0.0","47.0","Pagado","12/12/2025 16:05:50.490","No","No","Sala S2","Mesa","12/12/2025 18:12:28.270","","","","","","","",""
"C&C","16","","","0.0","44.0","Pagado","13/12/2025 16:01:06.912","No","No","","Recojo","13/12/2025 16:03:41.143","","","","","","","",""
"C&C","16","","","0.0","31.0","Pendiente de pago","14/12/2025 21:16:07.608","No","No","","Interno","","","","","","","","",""
"C&C","16","","","0.0","108.0","Pagado","15/12/2025 16:21:49.455","No","No","Sala S2","Mesa","15/12/2025 19:19:43.843","","","","","","","",""
"C&C","16","","","0.0","45.0","Pagado","16/12/2025 12:01:42.920","No","No","Balcon B5","Mesa","16/12/2025 12:59:48.444","","","","","","","",""
"C&C","16","","","0.0","99.0","Pagado","17/12/2025 18:13:26.887","No","No","","Recojo","17/12/2025 18:15:15.258","","","","","","","",""
"C&C","16","","","0.0","22.0","Pagado","18/12/2025 17:19:14.923","No","No","","Recojo","18/12/2025 18:59:52.191","","","","","","","",""
"C&C","16","","","0.0","66.0","Pagado","19/12/2025 16:17:52.734","No","No","Sala 1","Mesa","19/12/2025 17:27:18.975","","","","","","","",""
"C&C","16","","","0.0","25.0","Pagado","22/12/2025 17:01:44.371","No","No","Balcon B5","Mesa","22/12/2025 19:27:43.160","","","","","","","",""
"C&C","16","#937","","0.0","1500.0","Pagado","29/12/2025 23:28:57.979","No","No","YANGO CORPORATIVO MENSUAL","Mesa","29/12/2025 23:30:16.829","","","","","","","",""
"C&C","16","","","0.0","60.0","Pagado","30/12/2025 18:00:02.420","No","No","Sala S2","Mesa","30/12/2025 19:13:47.571","","","","","","","",""
"C&C","15","","","0.0","36.0","Pagado","01/12/2025 14:15:38.239","No","No","","Recojo","01/12/2025 14:19:00.503","","","","","","","",""
"C&C","15","","","0.0","20.0","Pagado","02/12/2025 17:41:29.178","No","No","Cubiculo C4","Mesa","02/12/2025 20:16:44.104","","","","","","","",""
"C&C","15","","","0.0","23.0","Pagado","03/12/2025 19:09:40.649","No","No","","Recojo","03/12/2025 19:10:04.516","","","","","","","",""
"C&C","15","","","0.0","24.0","Pagado","04/12/2025 17:41:01.337","No","No","Balcon B2","Mesa","04/12/2025 18:42:00.612","","","","","","","",""
"C&C","15","","","0.0","40.0","Pagado","05/12/2025 17:13:23.759","No","No","Balcon B4","Mesa","05/12/2025 19:51:10.220","","","","","","","",""
"C&C","15","","","0.0","22.0","Pagado","08/12/2025 19:01:45.571","No","No","Sala S2","Mesa","08/12/2025 20:24:41.989","","","","","","","",""
"C&C","15","","","0.0","76.0","Pagado","09/12/2025 15:27:23.371","No","No","Sala S6","Mesa","09/12/2025 16:07:02.158","","","","","","","",""
"C&C","15","#878","","0.0","89.0","Pagado","10/12/2025 14:30:52.868","No","No","Balcon B5","Mesa","10/12/2025 15:05:52.465","","","","","","","",""
"C&C","15","","","0.0","12.0","Pagado","11/12/2025 20:49:27.517","No","No","Balcon B1","Mesa","11/12/2025 20:49:57.438","","","","","","","",""
"C&C","15","","","0.0","57.0","Pagado","12/12/2025 16:05:20.013","No","No","Sala S4","Mesa","12/12/2025 16:15:30.689","","","","","","","",""
"C&C","15","","","0.0","42.0","Pagado","13/12/2025 15:50:01.852","No","No","Cubiculo C1","Mesa","13/12/2025 16:07:57.854","","","","","","","",""
"C&C","15","","","0.0","47.0","Pagado","14/12/2025 19:29:16.749","No","No","","Recojo","14/12/2025 20:02:38.272","","","","","","","",""
"C&C","15","","","0.0","29.0","Pagado","15/12/2025 15:05:22.097","No","No","Sala S5","Mesa","15/12/2025 15:37:07.013","","","","","","","",""
"C&C","15","","","0.0","53.0","Pagado","16/12/2025 11:59:36.057","No","No","Cubiculo C1","Mesa","16/12/2025 12:00:25.844","","","","","","","",""
"C&C","15","","","0.0","43.0","Pagado","17/12/2025 17:33:19.537","No","No","Cubiculo C3","Mesa","17/12/2025 20:04:03.496","","","","","","","",""
"C&C","15","","","0.0","50.0","Pagado","18/12/2025 17:10:27.300","No","No","Sala S3","Mesa","18/12/2025 19:17:29.576","","","","","","","",""
"C&C","15","","","0.0","27.0","Pagado","19/12/2025 16:10:15.111","No","No","","Recojo","19/12/2025 16:17:06.712","","","","","","","",""
"C&C","15","","","0.0","56.0","Pagado","22/12/2025 17:00:53.769","No","No","Cubiculo C1","Mesa","22/12/2025 20:36:09.953","","","","","","","",""
"C&C","15","#936","","0.0","8992.32","Pagado","29/12/2025 23:26:30.555","No","No","YANGO CORPORATIVO MENSUAL","Mesa","29/12/2025 23:28:50.384","","","","","","","",""
"C&C","15","","","0.0","94.0","Pagado","30/12/2025 17:18:50.430","No","No","Sala 1","Mesa","30/12/2025 17:20:06.545","","","","","","","",""
"C&C","14","","","0.0","72.0","Pagado","01/12/2025 12:13:08.360","No","No","Sala S1","Mesa","01/12/2025 12:39:14.757","","","","","","","",""
"C&C","14","","","0.0","68.0","Pagado","02/12/2025 15:59:15.906","No","No","Sala S2","Mesa","02/12/2025 20:15:58.840","","","","","","","",""
"C&C","14","","","0.0","25.0","Pagado","03/12/2025 18:50:17.810","No","No","Balcon B1","Mesa","03/12/2025 18:51:03.299","","","","","","","",""
"C&C","14","","","0.0","23.0","Pagado","04/12/2025 17:24:11.000","No","No","Sala S6","Mesa","04/12/2025 17:26:41.425","","","","","","","",""
"C&C","14","","","0.0","25.0","Pagado","05/12/2025 18:52:04.481","No","No","Balcon B5","Mesa","05/12/2025 18:53:49.506","","","","","","","",""
"C&C","14","","","0.0","25.0","Pagado","08/12/2025 19:01:01.527","No","No","Sala S5","Mesa","08/12/2025 19:03:40.167","","","","","","","",""
"C&C","14","","","0.0","109.0","Pagado","09/12/2025 15:25:49.653","No","No","","PedidosYa","09/12/2025 15:27:17.216","","","","","","","",""
"C&C","14","","","0.0","40.0","Pagado","10/12/2025 14:30:27.148","No","No","Balcon B1","Mesa","10/12/2025 15:35:02.769","","","","","","","",""
"C&C","14","","","0.0","268.0","Pendiente de pago","11/12/2025 20:45:35.104","No","No","","Interno","","","","","","","","",""
"C&C","14","","","0.0","44.0","Pagado","12/12/2025 15:31:10.540","No","No","Balcon B5","Mesa","12/12/2025 17:42:41.448","","","","","","","",""
"C&C","14","","","0.0","28.0","Pagado","13/12/2025 15:48:07.477","No","No","Cubiculo C4","Mesa","13/12/2025 15:48:41.736","","","","","","","",""
"C&C","14","#898","","0.0","144.0","Pagado","14/12/2025 18:58:53.574","No","No","","Mesa","14/12/2025 20:03:18.625","","","","","","","",""
"C&C","14","#901","","0.0","36.0","Pagado","15/12/2025 14:31:57.643","No","No","Balcon B1","Mesa","15/12/2025 15:05:15.854","","","","","","","",""
"C&C","14","","","0.0","241.0","Pagado","16/12/2025 11:57:48.250","No","No","Balcon B1","Mesa","16/12/2025 14:32:08.930","","","","","","","",""
"C&C","14","#912","","0.0","43.0","Pagado","17/12/2025 17:13:53.783","No","No","Sala S6","Mesa","17/12/2025 17:19:08.472","","","","","","","",""
"C&C","14","","","0.0","34.0","Pagado","18/12/2025 17:02:24.026","No","No","Sala S6","Mesa","18/12/2025 19:00:08.408","","","","","","","",""
"C&C","14","","","0.0","64.0","Pagado","19/12/2025 15:36:22.056","No","No","Balcon B4","Mesa","19/12/2025 15:59:12.279","","","","","","","",""
"C&C","14","","","0.0","38.0","Pagado","20/12/2025 20:29:50.751","No","No","","Recojo","20/12/2025 20:42:10.796","","","","","","","",""
"C&C","14","","","0.0","25.0","Pagado","22/12/2025 16:58:36.233","No","No","Sala S3","Mesa","22/12/2025 19:28:06.807","","","","","","","",""
"C&C","14","","","0.0","128.0","Pagado","26/12/2025 16:30:19.055","No","No","","PedidosYa","26/12/2025 16:34:10.775","","","","","","","",""
"C&C","14","","","0.0","37.0","Pagado","29/12/2025 18:19:21.176","No","No","Balcon B1","Mesa","29/12/2025 20:36:30.613","","","","","","","",""
"C&C","14","","","0.0","59.0","Pagado","30/12/2025 17:10:31.805","No","No","Sala S3","Mesa","30/12/2025 17:13:23.086","","","","","","","",""
"C&C","13","","","0.0","235.0","Pendiente de pago","01/12/2025 12:07:09.479","No","No","Diego Valdez","Interno","","","","","","","","",""
"C&C","13","","","0.0","12.0","Pagado","02/12/2025 13:24:17.242","No","No","","Recojo","02/12/2025 13:24:48.843","","","","","","","",""
"C&C","13","","","0.0","64.0","Pagado","03/12/2025 18:31:45.801","No","No","Balcon B5","Mesa","03/12/2025 19:09:38.125","","","","","","","",""
"C&C","13","","","0.0","78.0","Pagado","04/12/2025 16:28:49.030","No","No","","Interno","31/12/2025 13:05:07.219","","","","","","","",""
"C&C","13","","","0.0","25.0","Pagado","05/12/2025 18:11:21.410","No","No","Balcon B2","Mesa","05/12/2025 18:12:19.654","","","","","","","",""
"C&C","13","","","0.0","113.0","Pagado","08/12/2025 17:52:47.953","No","No","Sala 1","Mesa","08/12/2025 19:00:53.382","","","","","","","",""
"C&C","13","","","0.0","83.0","Pagado","09/12/2025 14:01:40.512","No","No","Sala S5","Mesa","09/12/2025 14:26:25.313","","","","","","","",""
"C&C","13","","","0.0","21.0","Pagado","10/12/2025 14:10:05.975","No","No","Sala S2","Mesa","10/12/2025 14:30:02.315","","","","","","","",""
"C&C","13","","","0.0","44.0","Pagado","11/12/2025 19:56:50.573","No","No","Balcon B5","Mesa","11/12/2025 20:34:47.877","","","","","","","",""
"C&C","13","","","0.0","80.0","Pagado","12/12/2025 14:13:49.718","No","No","","PedidosYa","12/12/2025 14:14:28.900","","","","","","","",""
"C&C","13","","","0.0","50.0","Pagado","13/12/2025 15:47:15.341","No","No","Cubiculo C4","Mesa","13/12/2025 15:47:32.206","","","","","","","",""
"C&C","13","","","0.0","12.0","Pagado","14/12/2025 17:12:52.771","No","No","Cubiculo C6","Mesa","14/12/2025 20:30:02.189","","","","","","","",""
"C&C","13","","","0.0","100.0","Pagado","15/12/2025 14:30:43.101","No","No","","Recojo","15/12/2025 14:31:07.580","","","","","","","",""
"C&C","13","","","0.0","49.0","Pagado","16/12/2025 10:35:30.885","No","No","Sala 1","Mesa","16/12/2025 10:35:49.353","","","","","","","",""
"C&C","13","","","0.0","58.0","Pagado","17/12/2025 16:49:23.062","No","No","","Recojo","17/12/2025 16:54:26.991","","","","","","","",""
"C&C","13","","","0.0","43.0","Pagado","18/12/2025 17:01:42.978","No","No","Cubiculo C3","Mesa","18/12/2025 20:55:05.744","","","","","","","",""
"C&C","13","","","0.0","39.0","Pagado","19/12/2025 15:15:03.347","No","No","Sala S5","Mesa","19/12/2025 18:41:22.958","","","","","","","",""
"C&C","13","","","0.0","39.0","Pagado","20/12/2025 20:21:52.069","No","No","Sala S1","Mesa","20/12/2025 20:41:54.069","","","","","","","",""
"C&C","13","","","0.0","5.0","Pagado","21/12/2025 19:37:18.440","No","No","","Interno","21/12/2025 19:38:08.676","","","","","","","",""
"C&C","13","","","0.0","47.0","Pagado","22/12/2025 15:32:24.374","No","No","","PedidosYa","22/12/2025 15:32:51.119","","","","","","","",""
"C&C","13","#930","","0.0","128.0","Pagado","26/12/2025 16:21:36.660","No","No","Balcon B5","Mesa","26/12/2025 19:08:23.545","","","","","","","",""
"C&C","13","","","0.0","78.0","Pagado","29/12/2025 17:26:22.254","No","No","Sala S5","Mesa","29/12/2025 17:44:17.915","","","","","","","",""
"C&C","13","","","0.0","20.0","Pagado","30/12/2025 14:52:19.637","No","No","Balcon B5","Mesa","30/12/2025 17:13:05.430","","","","","","","",""
"C&C","12","","","0.0","558.0","Pendiente de pago","01/12/2025 12:05:37.981","No","No","Pedro Triveño","Interno","","","","","","","","",""
"C&C","12","","","0.0","62.0","Pagado","02/12/2025 13:01:09.588","No","No","Sala S5","Mesa","02/12/2025 14:32:21.910","","","","","","","",""
"C&C","12","","","0.0","95.0","Pagado","03/12/2025 18:30:54.488","No","No","Sala S1","Mesa","03/12/2025 20:16:12.681","","","","","","","",""
"C&C","12","","","0.0","62.0","Pendiente de pago","04/12/2025 12:25:08.741","No","No","Fabiola Chugar","Mesa","","","","","","","","",""
"C&C","12","","","0.0","23.0","Pagado","05/12/2025 17:32:15.473","No","No","Balcon B1","Mesa","05/12/2025 17:37:22.962","","","","","","","",""
"C&C","12","","","0.0","22.0","Pagado","08/12/2025 15:20:47.206","No","No","","Recojo","08/12/2025 15:21:09.633","","","","","","","",""
"C&C","12","","","0.0","55.0","Pagado","09/12/2025 14:01:00.352","No","No","Sala S1","Mesa","09/12/2025 18:08:26.183","","","","","","","",""
"C&C","12","","","0.0","50.0","Pagado","10/12/2025 13:42:49.758","No","No","Balcon B1","Mesa","10/12/2025 13:43:09.991","","","","","","","",""
"C&C","12","","","0.0","130.0","Pagado","11/12/2025 18:26:50.570","No","No","Sala 1","Mesa","11/12/2025 20:34:33.674","","","","","","","",""
"C&C","12","","","0.0","47.0","Pendiente de pago","12/12/2025 14:03:50.472","No","No","","Mesa","","","","","","","","",""
"C&C","12","#895","","0.0","49.0","Pagado","13/12/2025 14:01:57.653","No","No","Sala 1","Mesa","13/12/2025 14:02:54.246","","","","","","","",""
"C&C","12","#897","","0.0","47.0","Pagado","14/12/2025 16:27:22.133","No","No","Balcon B1","Mesa","14/12/2025 17:57:08.658","","","","","","","",""
"C&C","12","","","0.0","25.0","Pagado","15/12/2025 14:06:18.595","No","No","","Recojo","15/12/2025 14:06:50.004","","","","","","","",""
"C&C","12","","","0.0","47.0","Pagado","16/12/2025 10:34:34.167","No","No","Sala S5","Mesa","16/12/2025 11:01:38.489","","","","","","","",""
"C&C","12","#913","","0.0","25.0","Pagado","17/12/2025 16:30:20.814","No","No","Cubiculo C6","Mesa","17/12/2025 17:48:02.692","","","","","","","",""
"C&C","12","","","0.0","31.0","Pagado","18/12/2025 15:02:25.496","No","No","Balcon B1","Mesa","18/12/2025 19:00:42.607","","","","","","","",""
"C&C","12","","","0.0","25.0","Pagado","19/12/2025 15:14:37.732","No","No","Sala S4","Mesa","19/12/2025 16:32:16.252","","","","","","","",""
"C&C","12","","","0.0","38.0","Pagado","20/12/2025 20:21:27.979","No","No","Balcon B4","Mesa","20/12/2025 21:08:13.771","","","","","","","",""
"C&C","12","","","0.0","75.0","Pagado","21/12/2025 19:34:58.361","No","No","","Recojo","21/12/2025 19:35:29.704","","","","","","","",""
"C&C","12","","","0.0","25.0","Pagado","22/12/2025 15:14:47.872","No","No","","Recojo","22/12/2025 15:32:17.263","","","","","","","",""
"C&C","12","","","0.0","38.0","Pagado","23/12/2025 20:18:33.428","No","No","","Interno","23/12/2025 20:19:12.007","","","","","","","",""
"C&C","12","","","0.0","69.0","Pagado","26/12/2025 16:11:28.531","No","No","Balcon B1","Mesa","26/12/2025 16:21:17.015","","","","","","","",""
"C&C","12","","","0.0","24.0","Pagado","29/12/2025 17:25:53.568","No","No","","Recojo","29/12/2025 17:26:15.418","","","","","","","",""
"C&C","12","","","0.0","118.0","Pagado","30/12/2025 14:36:10.645","No","No","Balcon B1","Mesa","30/12/2025 20:25:45.509","","","","","","","",""
"C&C","11","","","0.0","22.0","Pagado","01/12/2025 11:48:03.836","No","No","Balcon B5","Mesa","01/12/2025 13:33:49.626","","","","","","","",""
"C&C","11","","","0.0","109.0","Pagado","02/12/2025 12:10:36.224","No","No","Sala 1","Mesa","02/12/2025 14:32:45.778","","","","","","","",""
"C&C","11","","","0.0","23.0","Pagado","03/12/2025 17:27:25.513","No","No","","Recojo","03/12/2025 17:27:44.431","","","","","","","",""
"C&C","11","","","0.0","24.0","Pagado","04/12/2025 12:08:30.152","No","No","","Recojo","04/12/2025 12:08:45.755","","","","","","","",""
"C&C","11","","","0.0","27.0","Pagado","05/12/2025 17:10:35.298","No","No","","Mesa","05/12/2025 21:15:06.409","","","","","","","",""
"C&C","11","","","0.0","22.0","Pagado","06/12/2025 20:45:04.872","No","No","","Recojo","06/12/2025 20:56:29.430","","","","","","","",""
"C&C","11","","","0.0","68.0","Pagado","08/12/2025 14:21:25.017","No","No","Balcon B1","Mesa","08/12/2025 19:47:43.082","","","","","","","",""
"C&C","11","","","0.0","55.0","Pagado","09/12/2025 14:00:03.111","No","No","Sala S1","Mesa","09/12/2025 15:30:36.097","","","","","","","",""
"C&C","11","","","0.0","43.0","Pagado","10/12/2025 13:12:34.776","No","No","Sala S3","Mesa","10/12/2025 13:42:45.831","","","","","","","",""
"C&C","11","","","0.0","32.0","Pagado","11/12/2025 18:24:33.583","No","No","Cubiculo C4","Mesa","11/12/2025 20:34:22.788","","","","","","","",""
"C&C","11","","","0.0","19.0","Pagado","12/12/2025 12:08:36.724","No","No","Sala 1","Mesa","12/12/2025 12:10:05.312","","","","","","","",""
"C&C","11","","","0.0","25.0","Pagado","13/12/2025 13:33:26.742","No","No","","Recojo","13/12/2025 13:33:45.387","","","","","","","",""
"C&C","11","","","6.7","60.3","Pagado","14/12/2025 15:19:28.416","No","No","","PedidosYa","14/12/2025 15:20:42.922","","","","","","","",""
"C&C","11","","","22.0","0.0","Pagado","15/12/2025 12:23:04.231","No","No","","Recojo","15/12/2025 12:24:55.703","","","","","","","",""
"C&C","11","","","0.0","41.0","Pagado","16/12/2025 10:34:09.298","No","No","Balcon B1","Mesa","16/12/2025 11:57:37.644","","","","","","","",""
"C&C","11","","","0.0","116.0","Pagado","17/12/2025 16:02:20.318","No","No","Balcon B1","Mesa","17/12/2025 20:21:03.346","","","","","","","",""
"C&C","11","","","0.0","22.0","Pagado","18/12/2025 14:44:54.707","No","No","","Recojo","18/12/2025 14:45:11.756","","","","","","","",""
"C&C","11","","","0.0","72.0","Pagado","19/12/2025 15:14:15.997","No","No","Balcon B5","Mesa","19/12/2025 17:21:10.404","","","","","","","",""
"C&C","11","","","0.0","50.0","Pagado","20/12/2025 16:53:07.188","No","No","Balcon B1","Mesa","20/12/2025 20:21:25.058","","","","","","","",""
"C&C","11","","","0.0","61.0","Pagado","21/12/2025 19:16:06.449","No","No","","PedidosYa","21/12/2025 19:17:18.867","","","","","","","",""
"C&C","11","#922","","0.0","46.0","Pagado","22/12/2025 13:37:00.199","No","No","Sala S6","Mesa","22/12/2025 14:01:28.128","","","","","","","",""
"C&C","11","","","0.0","48.0","Pagado","23/12/2025 20:16:05.796","No","No","Sala S4","Mesa","23/12/2025 20:16:36.805","","","","","","","",""
"C&C","11","","","0.0","29.0","Pagado","24/12/2025 17:53:36.091","No","No","","Recojo","24/12/2025 17:54:18.963","","","","","","","",""
"C&C","11","","","0.0","32.0","Pagado","26/12/2025 12:14:34.947","No","No","","Recojo","26/12/2025 15:38:55.839","","","","","","","",""
"C&C","11","","","0.0","22.0","Pagado","27/12/2025 20:46:15.193","No","No","","Recojo","27/12/2025 20:46:39.332","","","","","","","",""
"C&C","11","","","0.0","60.0","Pagado","29/12/2025 17:25:19.153","No","No","Balcon B1","Mesa","29/12/2025 18:18:01.946","","","","","","","",""
"C&C","11","","","0.0","19.0","Pagado","30/12/2025 11:32:51.000","No","No","Balcon B5","Mesa","30/12/2025 12:45:58.641","","","","","","","",""
"C&C","10","","","0.0","18.0","Pagado","01/12/2025 11:41:07.832","No","No","Sala S5","Mesa","01/12/2025 11:47:52.818","","","","","","","",""
"C&C","10","","","0.0","30.0","Pagado","02/12/2025 11:34:59.515","No","No","Balcon B1","Mesa","02/12/2025 12:24:22.871","","","","","","","",""
"C&C","10","","","0.0","25.0","Pagado","03/12/2025 17:26:56.508","No","No","","Recojo","03/12/2025 17:27:19.446","","","","","","","",""
"C&C","10","#873","","0.0","23.0","Pagado","04/12/2025 11:45:01.964","No","No","Sala S2","Mesa","04/12/2025 14:26:50.945","","","","","","","",""
"C&C","10","","","0.0","40.0","Pagado","05/12/2025 16:54:28.845","No","No","Balcon B4","Mesa","05/12/2025 16:59:20.491","","","","","","","",""
"C&C","10","","","0.0","78.0","Pagado","06/12/2025 17:11:02.552","No","No","Sala 1","Mesa","06/12/2025 17:12:17.807","","","","","","","",""
"C&C","10","","","0.0","19.0","Pagado","08/12/2025 14:20:58.265","No","No","Cubiculo C1","Mesa","08/12/2025 15:41:04.904","","","","","","","",""
"C&C","10","","","0.0","120.0","Pagado","09/12/2025 11:23:50.333","No","No","","PedidosYa","09/12/2025 11:29:03.169","","","","","","","",""
"C&C","10","","","0.0","37.0","Pagado","10/12/2025 12:44:48.024","No","No","Sala 1","Mesa","10/12/2025 12:45:55.468","","","","","","","",""
"C&C","10","","","0.0","95.0","Pagado","11/12/2025 18:19:33.590","No","No","Balcon B1","Mesa","11/12/2025 20:34:13.247","","","","","","","",""
"C&C","10","#888","","0.0","73.0","Pagado","12/12/2025 11:49:18.909","No","No","","Mesa","12/12/2025 12:19:27.112","","","","","","","",""
"C&C","10","","","0.0","62.0","Pagado","13/12/2025 12:44:23.203","No","No","","PedidosYa","13/12/2025 12:45:57.892","","","","","","","",""
"C&C","10","","","0.0","39.0","Pagado","14/12/2025 15:05:12.482","No","No","Cubiculo C1","Mesa","14/12/2025 20:35:25.370","","","","","","","",""
"C&C","10","","","0.0","22.0","Pagado","15/12/2025 12:22:38.393","No","No","","Recojo","15/12/2025 12:22:56.815","","","","","","","",""
"C&C","10","","","0.0","30.0","Pagado","16/12/2025 09:59:15.771","No","No","","Recojo","16/12/2025 09:59:48.214","","","","","","","",""
"C&C","10","","","0.0","57.0","Pagado","17/12/2025 16:01:59.624","No","No","Balcon B5","Mesa","17/12/2025 20:01:14.017","","","","","","","",""
"C&C","10","","","0.0","23.0","Pagado","18/12/2025 12:55:50.847","No","No","","Recojo","18/12/2025 12:56:04.601","","","","","","","",""
"C&C","10","","","0.0","67.0","Pagado","19/12/2025 15:08:39.149","No","No","Sala 1","Mesa","19/12/2025 15:36:16.861","","","","","","","",""
"C&C","10","","","0.0","50.0","Pagado","20/12/2025 15:55:38.677","No","No","Balcon B4","Mesa","20/12/2025 17:10:07.209","","","","","","","",""
"C&C","10","","","0.0","21.0","Pagado","21/12/2025 17:16:24.695","No","No","Cubiculo C4","Mesa","21/12/2025 18:48:25.691","","","","","","","",""
"C&C","10","","","0.0","50.0","Pagado","22/12/2025 12:20:17.083","No","No","","Recojo","22/12/2025 12:20:57.829","","","","","","","",""
"C&C","10","#926","","0.0","110.0","Pagado","23/12/2025 20:08:23.006","No","No","","PedidosYa","23/12/2025 20:11:51.859","","","","","","","",""
"C&C","10","","","0.0","19.0","Pagado","24/12/2025 16:49:57.676","No","No","","Recojo","24/12/2025 16:57:10.969","","","","","","","",""
"C&C","10","","","0.0","60.0","Pagado","26/12/2025 15:06:42.494","No","No","Barra P1","Mesa","26/12/2025 16:21:34.259","","","","","","","",""
"C&C","10","","","0.0","31.0","Pagado","27/12/2025 20:32:48.595","No","No","","PedidosYa","27/12/2025 20:33:18.595","","","","","","","",""
"C&C","10","","","0.0","39.0","Pagado","29/12/2025 17:24:35.899","No","No","","Recojo","29/12/2025 17:24:53.977","","","","","","","",""
"C&C","10","","","0.0","28.0","Pagado","30/12/2025 11:32:14.817","No","No","Balcon B5","Mesa","30/12/2025 12:03:56.554","","","","","","","",""
"C&C","9","","","0.0","22.0","Pagado","01/12/2025 11:40:21.154","No","No","","Recojo","01/12/2025 11:40:53.264","","","","","","","",""
"C&C","9","","","0.0","682.0","Pendiente de pago","02/12/2025 10:25:41.383","No","No","Daniel Vargas","Mesa","","","","","","","","",""
"C&C","9","","","0.0","22.0","Pagado","03/12/2025 17:26:21.857","No","No","Sala S2","Mesa","03/12/2025 17:26:50.476","","","","","","","",""
"C&C","9","","","0.0","42.0","Pagado","04/12/2025 11:44:30.410","No","No","Balcon B2","Mesa","04/12/2025 11:46:28.970","","","","","","","",""
"C&C","9","","","0.0","19.0","Pagado","05/12/2025 16:34:17.773","No","No","Sala S2","Mesa","05/12/2025 16:56:19.049","","","","","","","",""
"C&C","9","","","0.0","101.0","Pagado","06/12/2025 16:11:42.687","No","No","Sala 1","Mesa","06/12/2025 17:11:15.999","","","","","","","",""
"C&C","9","","","0.0","23.0","Pagado","08/12/2025 14:14:09.276","No","No","","Recojo","08/12/2025 14:14:29.309","","","","","","","",""
"C&C","9","","","0.0","91.0","Pagado","09/12/2025 10:57:06.800","No","No","","PedidosYa","09/12/2025 10:57:35.244","","","","","","","",""
"C&C","9","","","0.0","70.0","Pagado","10/12/2025 12:42:21.360","No","No","Sala 1","Mesa","10/12/2025 12:44:12.557","","","","","","","",""
"C&C","9","","","25.0","0.0","Pagado","11/12/2025 15:52:05.765","No","No","Sala S2","Mesa","11/12/2025 15:53:34.295","","","","","","","",""
"C&C","9","#889","","0.0","84.0","Pagado","12/12/2025 11:37:16.236","No","No","Balcon B1","Mesa","12/12/2025 12:24:26.229","","","","","","","",""
"C&C","9","","","0.0","114.0","Pagado","13/12/2025 12:43:52.682","No","No","","PedidosYa","13/12/2025 12:44:15.997","","","","","","","",""
"C&C","9","","","0.0","25.0","Pagado","14/12/2025 14:39:51.355","No","No","Balcon B2","Mesa","14/12/2025 21:15:35.736","","","","","","","",""
"C&C","9","#900","","0.0","189.0","Pagado","15/12/2025 12:20:26.735","No","No","Sala 1","Mesa","15/12/2025 14:38:02.167","","","","","","","",""
"C&C","9","#908","","0.0","145.0","Pagado","16/12/2025 09:57:43.455","No","No","Sala S2","Mesa","16/12/2025 11:55:43.420","","","","","","","",""
"C&C","9","#914","","0.0","22.0","Pagado","17/12/2025 16:01:39.872","No","No","Cubiculo C1","Mesa","17/12/2025 17:59:20.797","","","","","","","",""
"C&C","9","","","0.0","135.0","Pagado","18/12/2025 12:48:19.484","No","No","","PedidosYa","18/12/2025 12:48:57.693","","","","","","","",""
"C&C","9","","","0.0","36.0","Pagado","19/12/2025 12:24:38.422","No","No","","Yango","19/12/2025 12:24:59.105","","","","","","","",""
"C&C","9","","","0.0","35.0","Pagado","20/12/2025 14:12:13.451","No","No","","PedidosYa","20/12/2025 14:12:42.081","","","","","","","",""
"C&C","9","","","0.0","25.0","Pagado","21/12/2025 17:08:45.520","No","No","Sala 1","Mesa","21/12/2025 17:40:41.903","","","","","","","",""
"C&C","9","","","0.0","75.0","Pagado","22/12/2025 12:11:14.239","No","No","Balcon B1","Mesa","22/12/2025 12:16:21.950","","","","","","","",""
"C&C","9","","","0.0","130.0","Pagado","23/12/2025 17:03:35.822","No","No","Sala S4","Mesa","23/12/2025 20:16:01.834","","","","","","","",""
"C&C","9","","","0.0","74.0","Pagado","24/12/2025 16:48:20.324","No","No","","Recojo","24/12/2025 16:56:58.483","","","","","","","",""
"C&C","9","","","0.0","25.0","Pagado","26/12/2025 14:07:12.787","No","No","Cubiculo C5","Mesa","26/12/2025 14:07:36.017","","","","","","","",""
"C&C","9","","","0.0","44.0","Pagado","27/12/2025 18:44:14.301","No","No","Balcon B2","Mesa","27/12/2025 19:52:46.217","","","","","","","",""
"C&C","9","","","0.0","44.0","Pagado","29/12/2025 16:23:46.682","No","No","","Recojo","29/12/2025 16:29:49.127","","","","","","","",""
"C&C","9","","","0.0","50.0","Pagado","30/12/2025 11:29:10.703","No","No","Sala 1","Mesa","30/12/2025 11:29:21.334","","","","","","","",""
"C&C","8","","","0.0","47.0","Pagado","01/12/2025 10:47:38.893","No","No","Sala S6","Mesa","01/12/2025 12:13:05.289","","","","","","","",""
"C&C","8","","","8.3","74.7","Pagado","02/12/2025 10:19:31.122","No","No","Sala S3","Mesa","02/12/2025 11:34:20.589","","","","","","","",""
"C&C","8","","","0.0","25.0","Pagado","03/12/2025 17:25:16.090","No","No","Sala S1","Mesa","03/12/2025 17:25:48.620","","","","","","","",""
"C&C","8","","","0.0","50.0","Pagado","04/12/2025 11:30:56.194","No","No","Sala 1","Mesa","04/12/2025 11:44:23.273","","","","","","","",""
"C&C","8","","","0.0","63.0","Pagado","05/12/2025 16:16:13.749","No","No","Balcon B5","Mesa","05/12/2025 18:54:24.080","","","","","","","",""
"C&C","8","#874","","0.0","49.0","Pagado","06/12/2025 12:02:25.181","No","No","Sala 1","Mesa","06/12/2025 13:21:17.090","","","","","","","",""
"C&C","8","#875","","0.0","79.0","Pagado","08/12/2025 13:12:14.927","No","No","Balcon B2","Mesa","08/12/2025 13:44:24.283","","","","","","","",""
"C&C","8","","","0.0","15.0","Pagado","09/12/2025 10:54:22.205","No","No","Cubiculo C6","Mesa","09/12/2025 14:04:14.623","","","","","","","",""
"C&C","8","","","0.0","66.0","Pagado","10/12/2025 12:15:55.981","No","No","","Recojo","10/12/2025 12:16:13.937","","","","","","","",""
"C&C","8","","","0.0","24.0","Pagado","11/12/2025 14:21:29.036","No","No","Sala S1","Mesa","11/12/2025 20:39:34.343","","","","","","","",""
"C&C","8","","","0.0","21.0","Pagado","12/12/2025 11:36:53.931","No","No","Cubiculo C1","Mesa","12/12/2025 14:03:43.800","","","","","","","",""
"C&C","8","","","0.0","78.0","Pagado","13/12/2025 12:20:58.388","No","No","Sala 1","Mesa","13/12/2025 15:06:56.216","","","","","","","",""
"C&C","8","","","0.0","57.0","Pagado","14/12/2025 14:16:17.178","No","No","","Yango","14/12/2025 14:16:47.620","","","","","","","",""
"C&C","8","","","0.0","12.0","Pagado","15/12/2025 12:19:52.992","No","No","Cubiculo C4","Mesa","15/12/2025 13:18:02.498","","","","","","","",""
"C&C","8","","","0.0","25.0","Pagado","17/12/2025 12:15:43.772","No","No","","Recojo","17/12/2025 12:15:58.188","","","","","","","",""
"C&C","8","#918","","0.0","20.0","Pagado","18/12/2025 11:07:33.501","No","No","Sala S3","Mesa","18/12/2025 11:20:26.203","","","","","","","",""
"C&C","8","","","0.0","134.0","Pagado","19/12/2025 12:23:54.142","No","No","Sala 1","Mesa","19/12/2025 13:18:04.519","","","","","","","",""
"C&C","8","","","0.0","44.0","Pagado","20/12/2025 14:08:52.153","No","No","","Recojo","20/12/2025 14:09:34.984","","","","","","","",""
"C&C","8","","","0.0","44.0","Pagado","21/12/2025 16:21:52.366","No","No","","Recojo","21/12/2025 16:25:17.668","","","","","","","",""
"C&C","8","","","0.0","25.0","Pagado","22/12/2025 10:26:21.703","No","No","Cubiculo C6","Mesa","22/12/2025 12:20:03.804","","","","","","","",""
"C&C","8","","","0.0","22.0","Pagado","23/12/2025 14:17:41.213","No","No","","Recojo","23/12/2025 14:17:55.002","","","","","","","",""
"C&C","8","","","0.0","48.0","Pagado","24/12/2025 14:19:51.446","No","No","Cubiculo C3","Mesa","24/12/2025 17:42:57.350","","","","","","","",""
"C&C","8","","","0.0","40.0","Pagado","26/12/2025 13:08:44.891","No","No","","PedidosYa","26/12/2025 13:09:06.789","","","","","","","",""
"C&C","8","","","0.0","19.0","Pagado","27/12/2025 18:09:33.863","No","No","","Recojo","27/12/2025 18:10:00.203","","","","","","","",""
"C&C","8","","","0.0","59.0","Pagado","29/12/2025 15:59:19.403","No","No","Cubiculo C3","Mesa","29/12/2025 18:42:25.733","","","","","","","",""
"C&C","8","","","0.0","35.0","Pagado","30/12/2025 11:28:11.136","No","No","Balcon B1","Mesa","30/12/2025 11:28:35.942","","","","","","","",""
"C&C","8","","","0.0","58.0","Pagado","31/12/2025 17:48:12.220","No","No","Sala S1","Mesa","31/12/2025 19:36:21.696","","","","","","","",""
"C&C","7","","","0.0","44.0","Pagado","01/12/2025 10:45:23.791","No","No","","Recojo","01/12/2025 10:46:22.450","","","","","","","",""
"C&C","7","","","0.0","49.0","Pagado","02/12/2025 10:18:49.061","No","No","Sala S1","Mesa","02/12/2025 11:39:46.446","","","","","","","",""
"C&C","7","#871","","0.0","116.0","Pagado","03/12/2025 17:24:04.240","No","No","Sala S3","Mesa","03/12/2025 17:42:20.310","","","","","","","",""
"C&C","7","","","0.0","130.0","Pagado","04/12/2025 10:27:10.746","No","No","Cubiculo C1","Mesa","04/12/2025 13:22:31.773","","","","","","","",""
"C&C","7","","","5.6","50.4","Pagado","05/12/2025 15:02:39.189","No","No","Vania Vargas","Mesa","31/12/2025 13:04:41.251","","","","","","","",""
"C&C","7","","","0.0","63.0","Pagado","06/12/2025 11:37:59.577","No","No","Sala 1","Mesa","06/12/2025 14:09:14.987","","","","","","","",""
"C&C","7","","","0.0","23.0","Pagado","08/12/2025 13:11:23.749","No","No","","Recojo","08/12/2025 13:12:06.302","","","","","","","",""
"C&C","7","","","0.0","60.0","Pagado","09/12/2025 10:52:58.529","No","No","Sala 1","Mesa","09/12/2025 12:50:39.868","","","","","","","",""
"C&C","7","","","0.0","46.0","Pagado","10/12/2025 12:15:23.001","No","No","Sala S6","Mesa","10/12/2025 12:15:50.864","","","","","","","",""
"C&C","7","","","0.0","28.0","Pagado","11/12/2025 10:58:25.448","No","No","","Recojo","11/12/2025 10:58:55.771","","","","","","","",""
"C&C","7","","","0.0","19.0","Pagado","12/12/2025 11:35:54.994","No","No","","Recojo","12/12/2025 11:36:21.426","","","","","","","",""
"C&C","7","","","0.0","71.0","Pagado","13/12/2025 11:57:03.706","No","No","Cubiculo C4","Mesa","13/12/2025 16:55:27.871","","","","","","","",""
"C&C","7","","","0.0","47.0","Pagado","14/12/2025 14:15:36.196","No","No","","PedidosYa","14/12/2025 14:16:03.826","","","","","","","",""
"C&C","7","","","0.0","25.0","Pagado","15/12/2025 11:32:57.413","No","No","Balcon B1","Mesa","15/12/2025 12:19:45.826","","","","","","","",""
"C&C","7","","","0.0","72.0","Pagado","16/12/2025 09:56:19.664","No","No","Sala 1","Mesa","16/12/2025 10:36:04.123","","","","","","","",""
"C&C","7","","","0.0","31.0","Pagado","17/12/2025 12:15:15.183","No","No","","Yango","17/12/2025 12:15:32.012","","","","","","","",""
"C&C","7","","","0.0","17.0","Pagado","18/12/2025 10:23:38.783","No","No","Sala S1","Mesa","18/12/2025 12:06:15.077","","","","","","","",""
"C&C","7","","","0.0","87.0","Pagado","19/12/2025 11:46:52.085","No","No","Cubiculo C1","Mesa","19/12/2025 13:18:24.450","","","","","","","",""
"C&C","7","","","0.0","23.0","Pagado","20/12/2025 13:20:02.630","No","No","Sala S4","Mesa","20/12/2025 19:32:29.549","","","","","","","",""
"C&C","7","","","0.0","74.0","Pagado","21/12/2025 15:25:31.271","No","No","Sala 1","Mesa","21/12/2025 16:25:32.934","","","","","","","",""
"C&C","7","","","0.0","19.0","Pagado","22/12/2025 10:25:51.525","No","No","Sala S3","Mesa","22/12/2025 12:20:13.795","","","","","","","",""
"C&C","7","","","0.0","100.0","Pagado","23/12/2025 14:17:18.532","No","No","","Recojo","23/12/2025 14:17:36.163","","","","","","","",""
"C&C","7","","","0.0","25.0","Pagado","24/12/2025 14:06:04.318","No","No","","Recojo","24/12/2025 14:06:17.984","","","","","","","",""
"C&C","7","","","0.0","29.0","Pagado","26/12/2025 13:08:11.641","No","No","","Recojo","26/12/2025 13:08:35.105","","","","","","","",""
"C&C","7","#931","","0.0","62.0","Pagado","27/12/2025 17:14:11.379","No","No","","PedidosYa","27/12/2025 17:15:08.286","","","","","","","",""
"C&C","7","","","0.0","25.0","Pagado","29/12/2025 15:18:11.632","No","No","Sala S2","Mesa","29/12/2025 17:24:29.606","","","","","","","",""
"C&C","7","","","0.0","67.0","Pagado","30/12/2025 10:52:33.513","No","No","","PedidosYa","30/12/2025 10:53:46.854","","","","","","","",""
"C&C","7","","","0.0","80.0","Pagado","31/12/2025 17:14:52.966","No","No","Balcon B5","Mesa","31/12/2025 19:36:36.427","","","","","","","",""
"C&C","6","","","0.0","47.0","Pagado","01/12/2025 10:03:14.812","No","No","","Recojo","01/12/2025 10:03:37.479","","","","","","","",""
"C&C","6","","","0.0","66.0","Pagado","02/12/2025 10:18:09.400","No","No","Sala 1","Mesa","02/12/2025 12:10:32.891","","","","","","","",""
"C&C","6","","","0.0","22.0","Pagado","03/12/2025 13:34:46.312","No","No","","Recojo","03/12/2025 13:35:07.435","","","","","","","",""
"C&C","6","#872","","0.0","72.0","Pagado","04/12/2025 10:26:02.216","No","No","Sala S6","Mesa","04/12/2025 11:48:47.303","","","","","","","",""
"C&C","6","","","0.0","54.0","Pagado","05/12/2025 12:41:11.812","No","No","Balcon B2","Mesa","05/12/2025 14:39:37.585","","","","","","","",""
"C&C","6","","","0.0","34.0","Pagado","06/12/2025 11:35:20.246","No","No","Cubiculo C3","Mesa","06/12/2025 14:09:34.055","","","","","","","",""
"C&C","6","","","0.0","46.0","Pagado","08/12/2025 13:10:17.012","No","No","Sala S2","Mesa","08/12/2025 14:02:40.431","","","","","","","",""
"C&C","6","","","0.0","103.0","Pagado","09/12/2025 10:52:00.528","No","No","Cubiculo C1","Mesa","09/12/2025 12:50:48.990","","","","","","","",""
"C&C","6","#879","","0.0","107.0","Pagado","10/12/2025 12:14:24.235","No","No","Cubiculo C1","Mesa","10/12/2025 16:15:58.827","","","","","","","",""
"C&C","6","","","0.0","50.0","Pagado","11/12/2025 10:57:39.792","No","No","Balcon B1","Mesa","11/12/2025 10:58:19.498","","","","","","","",""
"C&C","6","#887","","0.0","201.0","Pagado","12/12/2025 11:35:05.106","No","No","Sala 1","Mesa","12/12/2025 12:09:24.168","","","","","","","",""
"C&C","6","","","0.0","25.0","Pagado","13/12/2025 11:56:27.536","No","No","Cubiculo C6","Mesa","13/12/2025 11:56:57.483","","","","","","","",""
"C&C","6","","","0.0","47.0","Pagado","14/12/2025 14:14:57.868","No","No","","PedidosYa","14/12/2025 14:15:20.200","","","","","","","",""
"C&C","6","","","0.0","26.0","Pagado","15/12/2025 11:15:51.745","No","No","Barra P1","Mesa","15/12/2025 11:27:12.311","","","","","","","",""
"C&C","6","","","0.0","27.0","Pagado","16/12/2025 09:55:48.464","No","No","Sala 1","Mesa","16/12/2025 09:56:12.867","","","","","","","",""
"C&C","6","","","0.0","50.0","Pagado","17/12/2025 12:14:50.873","No","No","Sala S3","Mesa","17/12/2025 12:15:10.388","","","","","","","",""
"C&C","6","","","0.0","35.0","Pagado","18/12/2025 10:23:15.759","No","No","","PedidosYa","18/12/2025 10:23:32.258","","","","","","","",""
"C&C","6","#920","","0.0","66.0","Pagado","19/12/2025 11:39:34.432","No","No","Balcon B5","Mesa","19/12/2025 11:50:05.405","","","","","","","",""
"C&C","6","","","0.0","73.0","Pagado","20/12/2025 12:40:04.984","No","No","","PedidosYa","20/12/2025 12:40:35.204","","","","","","","",""
"C&C","6","","","0.0","107.0","Pagado","21/12/2025 11:52:54.364","No","No","","PedidosYa","21/12/2025 11:53:47.239","","","","","","","",""
"C&C","6","","","0.0","84.0","Pagado","22/12/2025 10:25:12.460","No","No","Sala S6","Mesa","22/12/2025 12:05:56.257","","","","","","","",""
"C&C","6","","","0.0","50.0","Pagado","23/12/2025 14:16:49.300","No","No","Sala 1","Mesa","23/12/2025 14:17:13.180","","","","","","","",""
"C&C","6","","","0.0","25.0","Pagado","24/12/2025 13:23:57.642","No","No","","Recojo","24/12/2025 13:24:17.993","","","","","","","",""
"C&C","6","#929","","0.0","124.0","Pagado","26/12/2025 11:38:02.466","No","No","Sala S2","Mesa","26/12/2025 14:49:28.567","","","","","","","",""
"C&C","6","#932","","0.0","67.0","Pagado","27/12/2025 16:54:45.553","No","No","Sala 1","Mesa","27/12/2025 17:34:21.951","","","","","","","",""
"C&C","6","","","0.0","23.0","Pagado","29/12/2025 14:57:38.115","No","No","","Recojo","29/12/2025 14:57:55.704","","","","","","","",""
"C&C","6","","","0.0","17.0","Pagado","30/12/2025 10:11:39.071","No","No","Sala S1","Mesa","30/12/2025 11:47:51.426","","","","","","","",""
"C&C","6","","","0.0","47.0","Pagado","31/12/2025 15:48:39.959","No","No","","PedidosYa","31/12/2025 15:49:05.769","","","","","","","",""
"C&C","5","","","0.0","25.0","Pagado","01/12/2025 10:02:54.153","No","No","","Recojo","01/12/2025 10:03:07.167","","","","","","","",""
"C&C","5","","","0.0","73.0","Pagado","02/12/2025 10:17:29.800","No","No","","Yango","02/12/2025 10:17:54.439","","","","","","","",""
"C&C","5","","","0.0","31.0","Pagado","03/12/2025 11:36:40.576","No","No","Sala S3","Mesa","03/12/2025 12:00:23.071","","","","","","","",""
"C&C","5","","","0.0","116.0","Pagado","04/12/2025 10:25:14.603","No","No","Sala 1","Mesa","04/12/2025 11:44:11.602","","","","","","","",""
"C&C","5","","","0.0","19.0","Pagado","05/12/2025 12:40:36.884","No","No","Cubiculo C1","Mesa","05/12/2025 14:39:28.679","","","","","","","",""
"C&C","5","","","0.0","49.0","Pagado","06/12/2025 11:34:44.968","No","No","Cubiculo C2","Mesa","06/12/2025 14:08:51.796","","","","","","","",""
"C&C","5","","","0.0","15.0","Pagado","07/12/2025 19:57:41.938","No","No","","Yango","07/12/2025 19:58:10.435","","","","","","","",""
"C&C","5","","","0.0","45.0","Pagado","08/12/2025 10:26:58.654","No","No","Balcon B1","Mesa","08/12/2025 10:32:59.497","","","","","","","",""
"C&C","5","","","0.0","54.0","Pagado","09/12/2025 10:51:18.849","No","No","","Recojo","09/12/2025 10:51:46.916","","","","","","","",""
"C&C","5","","","0.0","105.0","Pagado","10/12/2025 12:13:47.607","No","No","","PedidosYa","10/12/2025 12:14:17.000","","","","","","","",""
"C&C","5","","","0.0","41.0","Pagado","11/12/2025 09:42:18.327","No","No","Sala S2","Mesa","11/12/2025 10:57:36.097","","","","","","","",""
"C&C","5","#886","","0.0","27.0","Pagado","12/12/2025 11:32:56.761","No","No","","Recojo","12/12/2025 11:33:58.742","","","","","","","",""
"C&C","5","#894","","0.0","56.0","Pagado","13/12/2025 11:55:49.047","No","No","Sala S5","Mesa","13/12/2025 13:14:03.924","","","","","","","",""
"C&C","5","","","0.0","42.0","Pagado","14/12/2025 14:01:55.318","No","No","Sala S1","Mesa","14/12/2025 15:16:47.013","","","","","","","",""
"C&C","5","","","0.0","34.0","Pagado","15/12/2025 11:15:12.376","No","No","Cubiculo C1","Mesa","15/12/2025 12:35:47.965","","","","","","","",""
"C&C","5","","","0.0","84.0","Pagado","16/12/2025 09:53:58.962","No","No","","PedidosYa","16/12/2025 09:55:41.123","","","","","","","",""
"C&C","5","","","0.0","19.0","Pagado","17/12/2025 11:23:18.830","No","No","Sala S2","Mesa","17/12/2025 16:00:29.819","","","","","","","",""
"C&C","5","","","0.0","25.0","Pagado","18/12/2025 09:46:28.007","No","No","Barra P2","Mesa","18/12/2025 10:21:34.152","","","","","","","",""
"C&C","5","","","0.0","22.0","Pagado","19/12/2025 10:57:20.096","No","No","Balcon B4","Mesa","19/12/2025 10:57:37.593","","","","","","","",""
"C&C","5","#921","","0.0","74.0","Pagado","20/12/2025 12:36:25.648","No","No","Sala 1","Mesa","20/12/2025 13:58:28.978","","","","","","","",""
"C&C","5","","","0.0","69.0","Pagado","21/12/2025 11:52:15.539","No","No","","PedidosYa","21/12/2025 11:52:46.565","","","","","","","",""
"C&C","5","","","0.0","20.0","Pagado","22/12/2025 10:24:41.940","No","No","Sala S2","Mesa","22/12/2025 10:25:06.717","","","","","","","",""
"C&C","5","","","0.0","100.0","Pagado","23/12/2025 12:21:20.043","No","No","Balcon B4","Mesa","23/12/2025 12:22:15.641","","","","","","","",""
"C&C","5","","","0.0","128.0","Pagado","24/12/2025 12:42:20.287","No","No","Balcon B1","Mesa","24/12/2025 13:23:52.388","","","","","","","",""
"C&C","5","#928","","0.0","105.0","Pagado","26/12/2025 11:19:49.889","No","No","Cubiculo C1","Mesa","26/12/2025 13:07:54.426","","","","","","","",""
"C&C","5","#933","","0.0","110.0","Pagado","27/12/2025 16:10:31.935","No","No","Sala S1","Mesa","27/12/2025 18:12:08.748","","","","","","","",""
"C&C","5","","","0.0","28.0","Pagado","29/12/2025 11:26:48.562","No","No","Balcon B2","Mesa","29/12/2025 12:16:26.993","","","","","","","",""
"C&C","5","","","0.0","46.0","Pagado","30/12/2025 10:10:55.173","No","No","Sala S3","Mesa","30/12/2025 11:28:52.390","","","","","","","",""
"C&C","5","","","0.0","124.0","Pagado","31/12/2025 15:47:40.300","No","No","","PedidosYa","31/12/2025 15:49:13.806","","","","","","","",""
"C&C","4","","","0.0","74.0","Pagado","01/12/2025 10:00:05.496","No","No","","PedidosYa","01/12/2025 10:00:31.126","","","","","","","",""
"C&C","4","","","0.0","53.0","Pagado","02/12/2025 10:17:01.247","No","No","","Yango","02/12/2025 10:17:24.406","","","","","","","",""
"C&C","4","","","0.0","52.0","Pagado","03/12/2025 10:55:23.957","No","No","Sala S6","Mesa","03/12/2025 10:59:15.915","","","","","","","",""
"C&C","4","","","0.0","38.0","Pagado","04/12/2025 10:24:02.020","No","No","Barra P2","Mesa","04/12/2025 10:24:45.979","","","","","","","",""
"C&C","4","","","0.0","27.0","Pagado","05/12/2025 11:57:19.156","No","No","Balcon B1","Mesa","05/12/2025 11:57:53.506","","","","","","","",""
"C&C","4","","","0.0","33.0","Pagado","06/12/2025 11:30:41.092","No","No","Cubiculo C1","Mesa","06/12/2025 14:10:27.048","","","","","","","",""
"C&C","4","","","0.0","104.0","Pagado","07/12/2025 16:49:32.812","No","No","Sala S2","Mesa","07/12/2025 19:54:52.502","","","","","","","",""
"C&C","4","","","0.0","60.0","Pagado","08/12/2025 09:35:46.737","No","No","Sala 1","Mesa","08/12/2025 12:55:36.460","","","","","","","",""
"C&C","4","","","0.0","60.0","Pagado","09/12/2025 10:47:44.691","No","No","Barra P1","Mesa","09/12/2025 10:51:12.387","","","","","","","",""
"C&C","4","","","0.0","63.0","Pagado","10/12/2025 11:56:16.589","No","No","Sala S2","Mesa","10/12/2025 13:42:35.797","","","","","","","",""
"C&C","4","","","0.0","25.0","Pagado","11/12/2025 09:41:37.180","No","No","Balcon B4","Mesa","11/12/2025 09:42:11.480","","","","","","","",""
"C&C","4","#885","","0.0","27.0","Pagado","12/12/2025 11:31:09.338","No","No","Balcon B4","Mesa","12/12/2025 11:32:51.032","","","","","","","",""
"C&C","4","","","0.0","85.0","Pagado","13/12/2025 11:07:07.398","No","No","Balcon B1","Mesa","13/12/2025 11:55:45.232","","","","","","","",""
"C&C","4","","","0.0","22.0","Pagado","14/12/2025 12:56:09.774","No","No","","Recojo","14/12/2025 13:59:42.300","","","","","","","",""
"C&C","4","","","0.0","44.0","Pagado","15/12/2025 11:14:45.890","No","No","","PedidosYa","15/12/2025 11:15:05.635","","","","","","","",""
"C&C","4","","","0.0","44.0","Pagado","16/12/2025 09:53:34.316","No","No","","PedidosYa","16/12/2025 09:53:51.792","","","","","","","",""
"C&C","4","","","0.0","63.0","Pagado","17/12/2025 11:22:27.328","No","No","","PedidosYa","17/12/2025 11:23:04.757","","","","","","","",""
"C&C","4","#917","","0.0","52.0","Pagado","18/12/2025 09:44:32.119","No","No","Barra P1","Mesa","18/12/2025 10:22:26.825","","","","","","","",""
"C&C","4","","","0.0","29.0","Pagado","19/12/2025 10:56:27.781","No","No","","Recojo","19/12/2025 10:56:54.343","","","","","","","",""
"C&C","4","","","0.0","42.0","Pagado","20/12/2025 10:47:26.040","No","No","","Recojo","20/12/2025 12:55:46.839","","","","","","","",""
"C&C","4","","","0.0","149.0","Pagado","21/12/2025 11:50:08.561","No","No","","PedidosYa","21/12/2025 11:51:45.547","","","","","","","",""
"C&C","4","","","0.0","44.0","Pagado","22/12/2025 10:24:01.544","No","No","","PedidosYa","22/12/2025 10:24:27.482","","","","","","","",""
"C&C","4","#925","","0.0","63.0","Pagado","23/12/2025 10:47:55.144","No","No","Sala S2","Mesa","23/12/2025 10:52:03.055","","","","","","","",""
"C&C","4","","","0.0","25.0","Pagado","24/12/2025 11:23:03.312","No","No","","Recojo","24/12/2025 11:23:16.732","","","","","","","",""
"C&C","4","","","0.0","69.0","Pagado","26/12/2025 11:18:15.010","No","No","Sala 1","Mesa","26/12/2025 12:39:12.245","","","","","","","",""
"C&C","4","","","0.0","25.0","Pagado","27/12/2025 12:01:59.367","No","No","Balcon B5","Mesa","27/12/2025 13:50:21.474","","","","","","","",""
"C&C","4","","","0.0","74.0","Pagado","28/12/2025 18:03:38.756","No","No","Sala S4","Mesa","28/12/2025 18:13:13.356","","","","","","","",""
"C&C","4","","","0.0","23.0","Pagado","29/12/2025 11:26:34.638","No","No","Balcon B1","Mesa","29/12/2025 12:15:53.737","","","","","","","",""
"C&C","4","","","0.0","48.0","Pagado","30/12/2025 10:10:31.397","No","No","Sala S5","Mesa","30/12/2025 11:02:06.282","","","","","","","",""
"C&C","4","","","0.0","25.0","Pagado","31/12/2025 14:08:34.761","No","No","Sala S3","Mesa","31/12/2025 16:01:33.277","","","","","","","",""
"C&C","3","","","0.0","301.0","Pagado","01/12/2025 09:27:18.033","No","No","","Interno","23/12/2025 20:19:44.778","","","","","","","",""
"C&C","3","","","0.0","22.0","Pagado","02/12/2025 10:16:35.791","No","No","Sala S2","Mesa","02/12/2025 10:16:55.817","","","","","","","",""
"C&C","3","","","0.0","31.0","Pagado","03/12/2025 10:27:48.388","No","No","Sala S2","Mesa","03/12/2025 12:00:14.444","","","","","","","",""
"C&C","3","","","0.0","25.0","Pagado","04/12/2025 10:23:29.599","No","No","Barra P1","Mesa","04/12/2025 10:23:56.644","","","","","","","",""
"C&C","3","","","0.0","53.0","Pagado","05/12/2025 11:55:57.913","No","No","Balcon B1","Mesa","05/12/2025 11:56:29.944","","","","","","","",""
"C&C","3","","","0.0","63.0","Pagado","06/12/2025 11:29:56.097","No","No","","PedidosYa","06/12/2025 11:30:33.980","","","","","","","",""
"C&C","3","","","0.0","50.0","Pagado","07/12/2025 16:15:55.705","No","No","Balcon B4","Mesa","07/12/2025 19:55:05.530","","","","","","","",""
"C&C","3","","","0.0","18.0","Pagado","08/12/2025 09:35:23.581","No","No","Sala S1","Mesa","08/12/2025 10:26:55.805","","","","","","","",""
"C&C","3","","","0.0","19.0","Pagado","09/12/2025 10:33:59.683","No","No","","Recojo","09/12/2025 10:45:08.979","","","","","","","",""
"C&C","3","","","0.0","27.0","Pagado","10/12/2025 11:04:48.162","No","No","","Recojo","10/12/2025 11:05:07.463","","","","","","","",""
"C&C","3","","","0.0","27.0","Pagado","11/12/2025 09:40:31.352","No","No","Barra P1","Mesa","11/12/2025 09:41:14.149","","","","","","","",""
"C&C","3","#884","","0.0","38.0","Pagado","12/12/2025 09:57:13.078","No","No","Sala S6","Mesa","12/12/2025 10:30:49.122","","","","","","","",""
"C&C","3","","","0.0","38.0","Pagado","13/12/2025 09:27:35.949","No","No","Sala S1","Mesa","13/12/2025 10:17:40.014","","","","","","","",""
"C&C","3","","","0.0","18.0","Pagado","14/12/2025 12:55:55.748","No","No","","Recojo","14/12/2025 14:14:24.156","","","","","","","",""
"C&C","3","#899","","0.0","91.0","Pagado","15/12/2025 11:13:16.319","No","No","","Recojo","15/12/2025 11:14:25.567","","","","","","","",""
"C&C","3","","","0.0","44.0","Pagado","16/12/2025 09:51:57.007","Sí","No","","PedidosYa","16/12/2025 09:52:14.087","","","","","","","",""
"C&C","3","","","0.0","91.0","Pagado","17/12/2025 11:21:57.512","No","No","Sala 1","Mesa","17/12/2025 12:16:16.383","","","","","","","",""
"C&C","3","","","0.0","74.0","Pagado","18/12/2025 09:43:53.956","No","No","","Recojo","18/12/2025 09:44:14.870","","","","","","","",""
"C&C","3","","","0.0","28.0","Pagado","19/12/2025 10:56:02.377","No","No","","Recojo","19/12/2025 10:56:21.818","","","","","","","",""
"C&C","3","","","0.0","22.0","Pagado","20/12/2025 11:12:59.695","No","No","Cubiculo C4","Mesa","20/12/2025 16:29:25.794","","","","","","","",""
"C&C","3","","","0.0","22.0","Pagado","21/12/2025 11:09:33.034","No","No","","Recojo","21/12/2025 11:12:48.737","","","","","","","",""
"C&C","3","","","0.0","35.0","Pagado","22/12/2025 10:23:38.281","No","No","","PedidosYa","22/12/2025 10:23:56.336","","","","","","","",""
"C&C","3","","","0.0","22.0","Pagado","23/12/2025 10:47:15.660","No","No","Sala 1","Mesa","23/12/2025 10:47:35.894","","","","","","","",""
"C&C","3","","","0.0","22.0","Pagado","24/12/2025 11:22:08.772","No","No","","Recojo","24/12/2025 11:22:46.038","","","","","","","",""
"C&C","3","","","0.0","25.0","Pagado","26/12/2025 11:17:47.515","No","No","","Recojo","26/12/2025 11:18:06.905","","","","","","","",""
"C&C","3","","","0.0","116.0","Pagado","27/12/2025 12:01:07.013","No","No","Sala 1","Mesa","27/12/2025 12:22:42.052","","","","","","","",""
"C&C","3","","","0.0","128.0","Pagado","28/12/2025 17:58:00.933","No","No","Balcon B2","Mesa","28/12/2025 18:35:29.729","","","","","","","",""
"C&C","3","#935","","0.0","138.0","Pagado","29/12/2025 10:49:38.308","No","No","Sala S6","Mesa","29/12/2025 11:24:31.471","","","","","","","",""
"C&C","3","","","0.0","54.0","Pagado","30/12/2025 09:48:22.083","No","No","Cubiculo C6","Mesa","30/12/2025 12:20:29.308","","","","","","","",""
"C&C","3","","","0.0","23.0","Pagado","31/12/2025 14:08:19.941","No","No","Balcon B5","Mesa","31/12/2025 15:01:40.038","","","","","","","",""
"C&C","2","","","0.0","24.0","Pagado","01/12/2025 08:52:21.082","No","No","Balcon B5","Mesa","01/12/2025 10:03:53.026","","","","","","","",""
"C&C","2","","","0.0","44.0","Pagado","02/12/2025 10:16:00.219","No","No","","Recojo","02/12/2025 10:16:29.697","","","","","","","",""
"C&C","2","#870","","0.0","136.0","Pagado","03/12/2025 10:27:04.138","No","No","Sala S3","Mesa","03/12/2025 10:58:33.063","","","","","","","",""
"C&C","2","","","0.0","74.0","Pagado","04/12/2025 10:22:12.617","No","No","Sala S5","Mesa","04/12/2025 10:23:22.988","","","","","","","",""
"C&C","2","","","0.0","25.0","Pagado","05/12/2025 11:55:34.869","No","No","","Recojo","05/12/2025 11:55:51.836","","","","","","","",""
"C&C","2","","","0.0","185.0","Pagado","06/12/2025 11:27:07.437","No","No","","PedidosYa","06/12/2025 11:29:46.547","","","","","","","",""
"C&C","2","","","0.0","37.0","Pagado","07/12/2025 12:04:19.436","No","No","Balcon B1","Mesa","07/12/2025 12:43:19.094","","","","","","","",""
"C&C","2","","","0.0","53.0","Pagado","08/12/2025 09:34:54.051","No","No","Sala S6","Mesa","08/12/2025 14:56:06.067","","","","","","","",""
"C&C","2","#877","","0.0","25.0","Pagado","09/12/2025 09:14:29.884","No","No","","Recojo","09/12/2025 09:15:19.990","","","","","","","",""
"C&C","2","","","0.0","52.0","Pagado","10/12/2025 11:04:14.990","No","No","","PedidosYa","10/12/2025 11:04:42.283","","","","","","","",""
"C&C","2","","","0.0","150.0","Pagado","11/12/2025 09:08:17.747","No","No","Sala 1","Mesa","11/12/2025 12:02:38.162","","","","","","","",""
"C&C","2","","","0.0","24.0","Pagado","12/12/2025 09:56:57.374","No","No","Sala S4","Mesa","12/12/2025 11:36:37.805","","","","","","","",""
"C&C","2","","","0.0","37.0","Pagado","13/12/2025 09:23:23.610","No","No","","Recojo","13/12/2025 09:27:30.038","","","","","","","",""
"C&C","2","","","0.0","107.0","Pagado","14/12/2025 12:06:20.554","No","No","Balcon B2","Mesa","14/12/2025 12:55:52.770","","","","","","","",""
"C&C","2","","","0.0","35.0","Pagado","15/12/2025 11:12:04.292","No","No","Sala S1","Mesa","15/12/2025 11:13:09.810","","","","","","","",""
"C&C","2","#907","","0.0","22.0","Pagado","16/12/2025 09:14:46.632","No","No","","Recojo","16/12/2025 09:15:28.089","","","","","","","",""
"C&C","2","","","0.0","31.0","Pagado","17/12/2025 11:21:14.822","No","No","Balcon B1","Mesa","17/12/2025 11:21:50.182","","","","","","","",""
"C&C","2","#916","","0.0","22.0","Pagado","18/12/2025 09:41:14.166","No","No","","Recojo","18/12/2025 09:41:53.799","","","","","","","",""
"C&C","2","","","0.0","25.0","Pagado","19/12/2025 10:21:05.695","No","No","Barra P1","Mesa","19/12/2025 10:55:56.676","","","","","","","",""
"C&C","2","","","0.0","31.0","Pagado","20/12/2025 10:02:22.881","No","No","","Yango","20/12/2025 10:02:46.478","","","","","","","",""
"C&C","2","","","0.0","30.0","Pagado","21/12/2025 10:42:42.527","No","No","Balcon B2","Mesa","21/12/2025 11:26:27.548","","","","","","","",""
"C&C","2","","","0.0","86.0","Pagado","22/12/2025 10:22:54.597","No","No","","Recojo","22/12/2025 10:23:32.028","","","","","","","",""
"C&C","2","","","0.0","56.0","Pagado","23/12/2025 10:41:15.631","No","No","Sala 1","Mesa","23/12/2025 14:17:05.618","","","","","","","",""
"C&C","2","","","0.0","23.0","Pagado","24/12/2025 10:29:42.042","No","No","","Recojo","24/12/2025 10:29:56.456","","","","","","","",""
"C&C","2","","","0.0","23.0","Pagado","26/12/2025 11:17:20.696","No","No","Sala S3","Mesa","26/12/2025 11:17:41.772","","","","","","","",""
"C&C","2","","","0.0","72.0","Pagado","27/12/2025 10:36:41.787","No","No","","PedidosYa","27/12/2025 10:37:26.404","","","","","","","",""
"C&C","2","#934","","0.0","120.0","Pagado","28/12/2025 16:21:22.900","No","No","Balcon B2","Mesa","28/12/2025 17:14:02.746","","","","","","","",""
"C&C","2","","","0.0","19.0","Pagado","29/12/2025 10:49:00.158","No","No","Sala S3","Mesa","29/12/2025 10:49:31.216","","","","","","","",""
"C&C","2","","","0.0","50.0","Pagado","30/12/2025 09:46:40.385","No","No","Cubiculo C1","Mesa","30/12/2025 12:20:19.944","","","","","","","",""
"C&C","2","","","0.0","28.0","Pagado","31/12/2025 11:28:38.240","No","No","Balcon B1","Mesa","31/12/2025 14:07:23.668","","","","","","","",""
"C&C","1","#865","","0.0","53.0","Pagado","01/12/2025 08:51:49.020","No","No","Cubiculo C1","Mesa","01/12/2025 10:47:15.263","","","","","","","",""
"C&C","1","","","0.0","25.0","Pagado","02/12/2025 10:15:14.656","No","No","Balcon B1","Mesa","02/12/2025 10:15:51.808","","","","","","","",""
"C&C","1","","","0.0","43.0","Pagado","03/12/2025 10:20:34.153","No","No","","Recojo","03/12/2025 10:20:51.457","","","","","","","",""
"C&C","1","","","0.0","47.0","Pagado","04/12/2025 10:21:42.196","No","No","","Recojo","04/12/2025 10:22:06.451","","","","","","","",""
"C&C","1","","","0.0","49.0","Pagado","05/12/2025 11:49:54.899","No","No","Balcon B4","Mesa","05/12/2025 11:58:13.355","","","","","","","",""
"C&C","1","","","0.0","71.0","Pagado","06/12/2025 11:26:13.934","No","No","","PedidosYa","06/12/2025 11:26:59.184","","","","","","","",""
"C&C","1","","","0.0","20.0","Pagado","07/12/2025 12:03:46.277","No","No","Sala S1","Mesa","07/12/2025 12:04:11.276","","","","","","","",""
"C&C","1","","","0.0","44.0","Pagado","08/12/2025 08:33:59.075","No","No","Balcon B5","Mesa","08/12/2025 09:34:47.253","","","","","","","",""
"C&C","1","#876","","0.0","22.0","Pagado","09/12/2025 09:11:37.143","No","No","","Recojo","09/12/2025 09:13:31.444","","","","","","","",""
"C&C","1","","","0.0","46.0","Pagado","10/12/2025 09:26:41.592","No","No","","Recojo","10/12/2025 09:27:05.450","","","","","","","",""
"C&C","1","","","0.0","24.0","Pagado","11/12/2025 09:07:58.625","No","No","Balcon B5","Mesa","11/12/2025 10:59:13.756","","","","","","","",""
"C&C","1","","","0.0","172.0","Pagado","12/12/2025 09:41:18.495","No","No","","Recojo","12/12/2025 11:36:46.494","","","","","","","",""
"C&C","1","#893","","0.0","62.0","Pagado","13/12/2025 08:58:58.347","No","No","","PedidosYa","13/12/2025 08:59:46.615","","","","","","","",""
"C&C","1","","","0.0","34.0","Pagado","14/12/2025 10:13:19.926","No","No","Sala S4","Mesa","14/12/2025 10:59:03.553","","","","","","","",""
"C&C","1","","","0.0","88.0","Pagado","15/12/2025 09:15:57.047","No","No","Cubiculo C3","Mesa","15/12/2025 11:06:37.578","","","","","","","",""
"C&C","1","#906","","0.0","25.0","Pagado","16/12/2025 09:13:52.264","No","No","","Recojo","16/12/2025 09:14:41.003","","","","","","","",""
"C&C","1","","","0.0","46.0","Pagado","17/12/2025 11:20:45.042","No","No","Sala S2","Mesa","17/12/2025 11:21:07.884","","","","","","","",""
"C&C","1","#915","","0.0","25.0","Pagado","18/12/2025 09:15:11.225","No","No","","Recojo","18/12/2025 09:15:44.950","","","","","","","",""
"C&C","1","#919","","0.0","102.0","Pagado","19/12/2025 09:38:21.556","No","No","Sala S2","Mesa","19/12/2025 09:48:20.070","","","","","","","",""
"C&C","1","","","0.0","35.0","Pagado","20/12/2025 09:21:34.984","No","No","","Recojo","20/12/2025 10:02:04.102","","","","","","","",""
"C&C","1","","","0.0","33.0","Pagado","21/12/2025 10:42:00.270","No","No","Cubiculo C1","Mesa","21/12/2025 18:16:04.604","","","","","","","",""
"C&C","1","","","0.0","50.0","Pagado","22/12/2025 10:22:18.530","No","No","","Recojo","22/12/2025 10:22:48.600","","","","","","","",""
"C&C","1","","","0.0","55.0","Pagado","23/12/2025 09:41:17.837","No","No","Balcon B5","Mesa","23/12/2025 10:41:09.842","","","","","","","",""
"C&C","1","","","0.0","94.0","Pagado","24/12/2025 10:28:41.269","No","No","Balcon B1","Mesa","24/12/2025 11:22:56.394","","","","","","","",""
"C&C","1","#927","","0.0","50.0","Pagado","26/12/2025 09:29:40.190","No","No","Sala S3","Mesa","26/12/2025 11:07:12.437","","","","","","","",""
"C&C","1","","","0.0","38.0","Pagado","27/12/2025 10:36:03.058","No","No","Balcon B1","Mesa","27/12/2025 12:22:32.513","","","","","","","",""
"C&C","1","","","0.0","33.0","Pagado","28/12/2025 12:18:58.666","No","No","Balcon B5","Mesa","28/12/2025 12:27:15.243","","","","","","","",""
"C&C","1","","","0.0","25.0","Pagado","29/12/2025 10:20:37.273","No","No","","Recojo","29/12/2025 10:23:30.980","","","","","","","",""
"C&C","1","","","0.0","128.0","Pagado","30/12/2025 09:14:51.052","No","No","Sala 1","Mesa","30/12/2025 12:05:15.961","","","","","","","",""
"C&C","1","","","0.0","63.0","Pagado","31/12/2025 11:27:56.225","No","No","","Recojo","31/12/2025 13:03:01.077","","","","","","","",""